FILE ../cheat-arrows/High-bd6f4de16b9aedcd.bin
{
  "BonesHash": "0xbaf9dbd86b22270a",
  "StateMachine": "0xbaf9dbd86b22270a",
  "GeometryGroup": "0x0000000000000000",
  "LODGroups": [
    {
      "Header": {
        "Unk00": 385,
        "UnkHash00": "0x0c5bc110",
        "Unk01": 0
      },
      "Entries": [
        {
          "Detail": {
            "Max": 1,
            "Min": 0.1
          },
          "Indices": [
            5
          ]
        },
        {
          "Detail": {
            "Max": 0.1,
            "Min": 0.07
          },
          "Indices": [
            4
          ]
        },
        {
          "Detail": {
            "Max": 0.07,
            "Min": 0.03
          },
          "Indices": [
            3
          ]
        },
        {
          "Detail": {
            "Max": 0.03,
            "Min": 0.01
          },
          "Indices": [
            2
          ]
        }
      ],
      "Footers": [
        {
          "MinMax": [
            -387.9247,
            -387.9247,
            -434.0964,
            387.9247,
            387.9247,
            434.8332
          ],
          "UnkFloat00": 504.2474,
          "Unk00": 72,
          "UnkFloat01": 1,
          "Unk01": 0
        }
      ]
    },
    {
      "Header": {
        "Unk00": 258,
        "UnkHash00": "0xcee1d68c",
        "Unk01": 0
      },
      "Entries": [
        {
          "Detail": {
            "Max": 1,
            "Min": 0.1
          },
          "Indices": [
            1
          ]
        },
        {
          "Detail": {
            "Max": 0.1,
            "Min": 0
          },
          "Indices": [
            0
          ]
        }
      ],
      "Footers": [
        {
          "MinMax": [
            -388.46863,
            -388.46863,
            -434.43796,
            388.46863,
            388.46863,
            436.75916
          ],
          "UnkFloat00": 505.63074,
          "Unk00": 5,
          "UnkFloat01": 1,
          "Unk01": 0
        }
      ]
    }
  ],
  "SkeletonMaps": [
    {
      "Count": 34,
      "Matrices": [
        [
          [
            1,
            -0,
            0,
            -0
          ],
          [
            -0,
            1,
            -0,
            0
          ],
          [
            0,
            -0,
            1,
            -0
          ],
          [
            -0,
            0,
            -1.6092987,
            1
          ]
        ],
        [
          [
            1,
            -0,
            0,
            -0
          ],
          [
            -0,
            1,
            -0,
            0
          ],
          [
            0,
            -0,
            1,
            -0
          ],
          [
            -0,
            0,
            -257.17145,
            1
          ]
        ],
        [
          [
            3.104595e-8,
            -0.000002338419,
            -1.0000004,
            -0
          ],
          [
            -0.08589824,
            -0.99630433,
            0.0000023239245,
            0
          ],
          [
            -0.99630433,
            0.08589824,
            -3.0581728e-7,
            -0
          ],
          [
            43.40735,
            106.10278,
            -0.00024388997,
            1
          ]
        ],
        [
          [
            -1.511135e-7,
            -7.7694983e-7,
            -0.9999993,
            0
          ],
          [
            -0.17211387,
            -0.98507625,
            8.0607487e-7,
            0
          ],
          [
            -0.9850763,
            0.17211387,
            1.8480074e-7,
            -0
          ],
          [
            -215.10625,
            125.257744,
            -0.000026474636,
            1
          ]
        ],
        [
          [
            -1.8651255e-7,
            -6.1092e-7,
            -1,
            0
          ],
          [
            -0.1721269,
            -0.9850747,
            6.4004723e-7,
            0
          ],
          [
            -0.98507476,
            0.1721269,
            1.4940177e-7,
            -0
          ],
          [
            -417.71237,
            125.2954,
            0.000031718686,
            1
          ]
        ],
        [
          [
            -0.060740694,
            -0.7044927,
            -0.707107,
            0
          ],
          [
            -0.060749304,
            -0.70449245,
            0.7071065,
            0
          ],
          [
            -0.9963031,
            0.08590644,
            -0.000005949285,
            -0
          ],
          [
            43.4082,
            106.10234,
            0.00024383925,
            1
          ]
        ],
        [
          [
            -0.12126591,
            -0.6965911,
            -0.70714664,
            0
          ],
          [
            -0.12172522,
            -0.6965913,
            0.7070675,
            0
          ],
          [
            -0.9851286,
            0.17182067,
            -0.00032000281,
            -0
          ],
          [
            -215.1438,
            125.19382,
            -0.06987597,
            1
          ]
        ],
        [
          [
            -0.1219708,
            -0.69655406,
            -0.7070609,
            0
          ],
          [
            -0.12143907,
            -0.69655395,
            0.7071525,
            0
          ],
          [
            -0.9850761,
            0.17211683,
            0.0003704798,
            -0
          ],
          [
            -417.71353,
            125.29112,
            0.15709867,
            1
          ]
        ],
        [
          [
            -0.06110547,
            -0.704483,
            -0.70708454,
            0
          ],
          [
            -0.0605984,
            -0.704483,
            0.707128,
            0
          ],
          [
            -0.9962895,
            0.0860577,
            0.00035741105,
            -0
          ],
          [
            -225.15636,
            106.135925,
            0.080785535,
            1
          ]
        ],
        [
          [
            -0.08591189,
            -0.9963028,
            1.5208666e-7,
            -0
          ],
          [
            0.000003799241,
            -1.3181574e-7,
            1,
            -0
          ],
          [
            -0.9963028,
            0.08591194,
            0.0000038433695,
            -0
          ],
          [
            43.40879,
            106.10214,
            -0.00014782943,
            1
          ]
        ],
        [
          [
            -0.1718177,
            -0.98512876,
            -0.000024544246,
            0
          ],
          [
            -0.00014203442,
            -1.5148726e-7,
            1,
            0
          ],
          [
            -0.98512876,
            0.1718177,
            -0.00013990689,
            -0
          ],
          [
            -215.14409,
            125.193146,
            -0.030542182,
            1
          ]
        ],
        [
          [
            -0.17211379,
            -0.985077,
            0.000027217575,
            -0
          ],
          [
            0.00015824505,
            4.563116e-8,
            1,
            -0
          ],
          [
            -0.985077,
            0.17211387,
            0.00015595132,
            -0
          ],
          [
            -417.71405,
            125.28987,
            0.06613148,
            1
          ]
        ],
        [
          [
            -0.08606322,
            -0.99628955,
            0.000013149165,
            -0
          ],
          [
            0.00015606018,
            -2.5363258e-7,
            0.9999999,
            -0
          ],
          [
            -0.9962896,
            0.08606324,
            0.00015553478,
            -0
          ],
          [
            -225.1559,
            106.137245,
            0.035174742,
            1
          ]
        ],
        [
          [
            -0.060745556,
            -0.70449275,
            0.7071068,
            -0
          ],
          [
            0.060744334,
            0.70449287,
            0.7071069,
            -0
          ],
          [
            -0.9963033,
            0.08590633,
            -8.642676e-7,
            -0
          ],
          [
            43.408195,
            106.10239,
            0.000029949744,
            1
          ]
        ],
        [
          [
            -0.12153678,
            -0.6965908,
            0.70709956,
            -0
          ],
          [
            0.121454336,
            0.6965909,
            0.7071138,
            -0
          ],
          [
            -0.98512805,
            0.17182073,
            -0.00005739925,
            -0
          ],
          [
            -215.14368,
            125.193794,
            -0.012531333,
            1
          ]
        ],
        [
          [
            -0.12165788,
            -0.6965543,
            0.70711493,
            -0
          ],
          [
            0.12175213,
            0.69655436,
            0.70709866,
            -0
          ],
          [
            -0.98507655,
            0.17211688,
            0.000065647066,
            -0
          ],
          [
            -417.71368,
            125.29117,
            0.02783966,
            1
          ]
        ],
        [
          [
            1.2321284e-8,
            7.85786e-9,
            0.99999964,
            -0
          ],
          [
            0.085898764,
            0.9963043,
            -2.6691118e-9,
            0
          ],
          [
            -0.9963036,
            0.08589882,
            1.18683205e-8,
            -0
          ],
          [
            43.40738,
            106.102745,
            -6.9720517e-7,
            1
          ]
        ],
        [
          [
            -6.8960254e-8,
            6.7206454e-9,
            0.99999964,
            -0
          ],
          [
            0.17211376,
            0.985077,
            1.7217971e-8,
            -0
          ],
          [
            -0.9850766,
            0.17211382,
            -6.80501e-8,
            -0
          ],
          [
            -215.10634,
            125.2578,
            -0.000014399596,
            1
          ]
        ],
        [
          [
            -2.8029174e-8,
            -3.7727816e-8,
            1,
            -0
          ],
          [
            0.17212678,
            0.9850748,
            4.625077e-8,
            -0
          ],
          [
            -0.9850748,
            0.17212678,
            -2.074735e-8,
            -0
          ],
          [
            -417.71246,
            125.295364,
            -0.0000066014222,
            1
          ]
        ],
        [
          [
            -1.22662e-7,
            -6.2569e-9,
            1,
            -0
          ],
          [
            0.08605023,
            0.99629086,
            2.0060444e-8,
            -0
          ],
          [
            -0.99629074,
            0.086050235,
            -1.2152758e-7,
            -0
          ],
          [
            -225.15729,
            106.134315,
            -0.00002663869,
            1
          ]
        ],
        [
          [
            0.060745206,
            0.7044927,
            0.70710635,
            -0
          ],
          [
            0.060744494,
            0.7044925,
            -0.70710665,
            0
          ],
          [
            -0.9963028,
            0.085906096,
            5.252653e-7,
            -0
          ],
          [
            43.408165,
            106.10235,
            -0.00004177191,
            1
          ]
        ],
        [
          [
            0.12153655,
            0.6965909,
            0.7070996,
            -0
          ],
          [
            0.12145449,
            0.6965909,
            -0.7071138,
            0
          ],
          [
            -0.9851282,
            0.1718206,
            0.000057168298,
            -0
          ],
          [
            -215.14369,
            125.193756,
            0.012481744,
            1
          ]
        ],
        [
          [
            0.12165754,
            0.6965541,
            0.7071145,
            -0
          ],
          [
            0.12175239,
            0.69655406,
            -0.7070984,
            0
          ],
          [
            -0.98507607,
            0.17211673,
            -0.00006605677,
            -0
          ],
          [
            -417.7135,
            125.29108,
            -0.02801311,
            1
          ]
        ],
        [
          [
            0.060808152,
            0.7044836,
            0.70711064,
            -0
          ],
          [
            0.060895965,
            0.70448357,
            -0.7071031,
            0
          ],
          [
            -0.99629027,
            0.08605781,
            -0.00006186964,
            -0
          ],
          [
            -225.15651,
            106.136024,
            -0.013981823,
            1
          ]
        ],
        [
          [
            0.08591184,
            0.99630255,
            -4.1832326e-8,
            -0
          ],
          [
            0.0000035201188,
            -2.738923e-7,
            -0.99999976,
            0
          ],
          [
            -0.99630255,
            0.08591177,
            -0.0000034651514,
            -0
          ],
          [
            43.40877,
            106.10211,
            0.00011369743,
            1
          ]
        ],
        [
          [
            0.1718177,
            0.98512876,
            -0.000024198236,
            -0
          ],
          [
            -0.00014214036,
            2.1823507e-7,
            -1,
            0
          ],
          [
            -0.98512876,
            0.17181772,
            0.00014005648,
            -0
          ],
          [
            -215.14409,
            125.193146,
            0.030606989,
            1
          ]
        ],
        [
          [
            0.17211373,
            0.9850768,
            0.000027223121,
            -0
          ],
          [
            0.00015843104,
            4.5905796e-8,
            -0.99999976,
            0
          ],
          [
            -0.9850768,
            0.17211363,
            -0.00015598306,
            -0
          ],
          [
            -417.71396,
            125.289764,
            -0.06614495,
            1
          ]
        ],
        [
          [
            0.08606322,
            0.99628955,
            0.000013149165,
            -0
          ],
          [
            0.00015611856,
            -2.5866754e-7,
            -0.9999999,
            0
          ],
          [
            -0.9962896,
            0.08606319,
            -0.00015553478,
            -0
          ],
          [
            -225.1559,
            106.13723,
            -0.035174742,
            1
          ]
        ],
        [
          [
            0.060741514,
            0.7044927,
            -0.70710725,
            -0
          ],
          [
            -0.060748223,
            -0.704493,
            -0.7071064,
            0
          ],
          [
            -0.99630326,
            0.08590621,
            0.0000047311187,
            -0
          ],
          [
            43.408184,
            106.10239,
            -0.00022891644,
            1
          ]
        ],
        [
          [
            0.12126595,
            0.69659114,
            -0.70714635,
            -0
          ],
          [
            -0.12172524,
            -0.696591,
            -0.7070676,
            0
          ],
          [
            -0.9851284,
            0.17182076,
            0.0003198984,
            -0
          ],
          [
            -215.14375,
            125.19383,
            0.0698737,
            1
          ]
        ],
        [
          [
            0.12197101,
            0.6965543,
            -0.707061,
            -0
          ],
          [
            -0.121438906,
            -0.69655436,
            -0.7071525,
            0
          ],
          [
            -0.98507655,
            0.1721168,
            -0.00037062913,
            -0
          ],
          [
            -417.71368,
            125.29112,
            -0.15716359,
            1
          ]
        ],
        [
          [
            0.06110558,
            0.7044835,
            -0.707085,
            -0
          ],
          [
            -0.06059854,
            -0.70448357,
            -0.7071286,
            0
          ],
          [
            -0.99629015,
            0.086057805,
            -0.00035718834,
            -0
          ],
          [
            -225.1565,
            106.136024,
            -0.08072662,
            1
          ]
        ],
        [
          [
            -1.7349176e-7,
            -0.0000023511886,
            -0.99999964,
            0
          ],
          [
            -0.0860496,
            -0.9962901,
            0.00000236571,
            0
          ],
          [
            -0.99629056,
            0.08604957,
            1.633701e-7,
            -0
          ],
          [
            -225.1573,
            106.134094,
            -0.00016617688,
            1
          ]
        ],
        [
          [
            -0.06080807,
            -0.7044835,
            0.7071106,
            -0
          ],
          [
            0.060895965,
            0.7044836,
            0.70710295,
            -0
          ],
          [
            -0.9962901,
            0.08605778,
            0.000061921775,
            -0
          ],
          [
            -225.15648,
            106.136024,
            0.013990416,
            1
          ]
        ]
      ],
      "BoneIndices": [
        7,
        8,
        37,
        39,
        40,
        33,
        35,
        36,
        34,
        29,
        31,
        32,
        30,
        25,
        27,
        28,
        21,
        23,
        24,
        22,
        17,
        19,
        20,
        18,
        13,
        15,
        16,
        14,
        9,
        11,
        12,
        10,
        38,
        26
      ],
      "RemapList": [
        [
          1,
          0,
          28,
          31,
          29,
          30,
          24,
          27,
          25,
          26,
          20,
          23,
          21,
          22,
          16,
          19,
          17,
          18,
          13,
          33,
          14,
          15,
          9,
          12,
          10,
          11,
          5,
          8,
          6,
          7,
          2,
          32,
          3,
          4
        ],
        [
          1,
          0,
          28,
          31,
          29,
          30,
          24,
          27,
          25,
          26,
          20,
          23,
          21,
          22,
          16,
          19,
          17,
          18,
          13,
          33,
          14,
          15,
          9,
          12,
          10,
          11,
          5,
          8,
          6,
          7,
          2,
          32,
          3,
          4
        ]
      ]
    },
    {
      "Count": 34,
      "Matrices": [
        [
          [
            -6.896026e-8,
            6.7206463e-9,
            0.99999964,
            -0
          ],
          [
            0.17211379,
            0.985077,
            1.721797e-8,
            -0
          ],
          [
            -0.9850767,
            0.17211384,
            -6.805009e-8,
            -0
          ],
          [
            -215.10637,
            125.257805,
            -0.000014399594,
            1
          ]
        ],
        [
          [
            -1.22662e-7,
            -6.2569e-9,
            1,
            -0
          ],
          [
            0.08605023,
            0.99629086,
            2.0060444e-8,
            -0
          ],
          [
            -0.99629074,
            0.086050235,
            -1.2152758e-7,
            -0
          ],
          [
            -225.15729,
            106.134315,
            -0.00002663869,
            1
          ]
        ],
        [
          [
            -0.085911885,
            -0.9963028,
            1.5208667e-7,
            -0
          ],
          [
            0.0000037992409,
            -1.3181575e-7,
            1.0000001,
            -0
          ],
          [
            -0.9963027,
            0.08591194,
            0.00000384337,
            -0
          ],
          [
            43.408787,
            106.10214,
            -0.00014782946,
            1
          ]
        ],
        [
          [
            -0.06110547,
            -0.70448303,
            -0.7070847,
            0
          ],
          [
            -0.0605984,
            -0.70448303,
            0.70712817,
            0
          ],
          [
            -0.9962895,
            0.086057715,
            0.00035741116,
            -0
          ],
          [
            -225.15636,
            106.13593,
            0.080785565,
            1
          ]
        ],
        [
          [
            -0.1212659,
            -0.6965909,
            -0.7071465,
            0
          ],
          [
            -0.12172521,
            -0.6965912,
            0.7070674,
            0
          ],
          [
            -0.98512846,
            0.17182064,
            -0.00032001018,
            -0
          ],
          [
            -215.14378,
            125.19381,
            -0.06987595,
            1
          ]
        ],
        [
          [
            -0.08606322,
            -0.99628955,
            0.000013149165,
            -0
          ],
          [
            0.00015606018,
            -2.5363258e-7,
            0.9999999,
            -0
          ],
          [
            -0.9962896,
            0.08606324,
            0.00015553478,
            -0
          ],
          [
            -225.1559,
            106.137245,
            0.035174742,
            1
          ]
        ],
        [
          [
            0.1718177,
            0.98512876,
            -0.000024198236,
            -0
          ],
          [
            -0.00014214036,
            2.1823507e-7,
            -1,
            0
          ],
          [
            -0.98512876,
            0.17181772,
            0.00014005648,
            -0
          ],
          [
            -215.14409,
            125.193146,
            0.030606989,
            1
          ]
        ],
        [
          [
            -1.5111351e-7,
            -7.7694995e-7,
            -0.9999993,
            0
          ],
          [
            -0.1721139,
            -0.9850763,
            8.06075e-7,
            0
          ],
          [
            -0.98507637,
            0.1721139,
            1.8480075e-7,
            -0
          ],
          [
            -215.1063,
            125.25776,
            -0.000026474638,
            1
          ]
        ],
        [
          [
            -0.060745556,
            -0.70449275,
            0.7071068,
            -0
          ],
          [
            0.060744334,
            0.70449287,
            0.7071069,
            -0
          ],
          [
            -0.9963033,
            0.08590633,
            -8.642676e-7,
            -0
          ],
          [
            43.408195,
            106.10239,
            0.000029949744,
            1
          ]
        ],
        [
          [
            -0.06074069,
            -0.70449275,
            -0.70710695,
            0
          ],
          [
            -0.0607493,
            -0.7044925,
            0.7071064,
            0
          ],
          [
            -0.9963031,
            0.08590645,
            -0.000005949286,
            -0
          ],
          [
            43.4082,
            106.10235,
            0.0002478783,
            1
          ]
        ],
        [
          [
            1.2321284e-8,
            7.85786e-9,
            0.9999997,
            -0
          ],
          [
            0.085898764,
            0.99630415,
            -2.6691123e-9,
            0
          ],
          [
            -0.99630356,
            0.08589881,
            1.18683205e-8,
            -0
          ],
          [
            43.407375,
            106.10273,
            -6.972052e-7,
            1
          ]
        ],
        [
          [
            -0.1718177,
            -0.98512876,
            -0.000024544246,
            0
          ],
          [
            -0.00014203442,
            -1.5148726e-7,
            1,
            0
          ],
          [
            -0.98512876,
            0.1718177,
            -0.00013990689,
            -0
          ],
          [
            -215.14409,
            125.193146,
            -0.030542182,
            1
          ]
        ],
        [
          [
            1,
            -0,
            0,
            -0
          ],
          [
            -0,
            1,
            -0,
            0
          ],
          [
            0,
            -0,
            1,
            -0
          ],
          [
            -0,
            0,
            -257.17145,
            1
          ]
        ],
        [
          [
            0.12126594,
            0.69659114,
            -0.7071462,
            -0
          ],
          [
            -0.12172523,
            -0.696591,
            -0.7070675,
            0
          ],
          [
            -0.9851284,
            0.17182076,
            0.00031989833,
            -0
          ],
          [
            -215.14375,
            125.19384,
            0.06987368,
            1
          ]
        ],
        [
          [
            -0.06080807,
            -0.7044835,
            0.7071106,
            -0
          ],
          [
            0.060895965,
            0.7044836,
            0.70710295,
            -0
          ],
          [
            -0.9962901,
            0.08605778,
            0.000061921775,
            -0
          ],
          [
            -225.15648,
            106.136024,
            0.013990416,
            1
          ]
        ],
        [
          [
            0.060745206,
            0.7044928,
            0.70710635,
            -0
          ],
          [
            0.060744498,
            0.7044926,
            -0.70710665,
            0
          ],
          [
            -0.99630284,
            0.08590611,
            5.2154013e-7,
            -0
          ],
          [
            43.40817,
            106.10238,
            -0.000038090533,
            1
          ]
        ],
        [
          [
            3.1045946e-8,
            -0.000002338419,
            -1.0000004,
            -0
          ],
          [
            -0.085898235,
            -0.9963043,
            0.0000023239245,
            0
          ],
          [
            -0.9963042,
            0.085898235,
            -3.0581728e-7,
            -0
          ],
          [
            43.407345,
            106.102776,
            -0.00024388998,
            1
          ]
        ],
        [
          [
            -1.7349176e-7,
            -0.000002351189,
            -0.99999976,
            0
          ],
          [
            -0.08604961,
            -0.9962902,
            0.0000023657105,
            0
          ],
          [
            -0.99629056,
            0.08604959,
            1.6337012e-7,
            -0
          ],
          [
            -225.1573,
            106.1341,
            -0.00016617689,
            1
          ]
        ],
        [
          [
            0.08606322,
            0.99628955,
            0.000013149165,
            -0
          ],
          [
            0.00015611856,
            -2.5866754e-7,
            -0.9999999,
            0
          ],
          [
            -0.9962896,
            0.08606319,
            -0.00015553478,
            -0
          ],
          [
            -225.1559,
            106.13723,
            -0.035174742,
            1
          ]
        ],
        [
          [
            0.12153655,
            0.6965909,
            0.7070996,
            -0
          ],
          [
            0.12145449,
            0.6965909,
            -0.7071138,
            0
          ],
          [
            -0.9851282,
            0.1718206,
            0.000057168298,
            -0
          ],
          [
            -215.14369,
            125.193756,
            0.012481744,
            1
          ]
        ],
        [
          [
            -0.12153678,
            -0.6965908,
            0.70709956,
            -0
          ],
          [
            0.121454336,
            0.6965909,
            0.7071138,
            -0
          ],
          [
            -0.98512805,
            0.17182073,
            -0.00005739925,
            -0
          ],
          [
            -215.14368,
            125.193794,
            -0.012531333,
            1
          ]
        ],
        [
          [
            0.08591184,
            0.99630255,
            -4.183233e-8,
            -0
          ],
          [
            0.0000035201188,
            -2.7389228e-7,
            -0.9999999,
            0
          ],
          [
            -0.99630255,
            0.08591177,
            -0.0000034651518,
            -0
          ],
          [
            43.408775,
            106.10211,
            0.000113697446,
            1
          ]
        ],
        [
          [
            0.06110558,
            0.7044835,
            -0.707085,
            -0
          ],
          [
            -0.06059854,
            -0.70448357,
            -0.7071286,
            0
          ],
          [
            -0.99629015,
            0.086057805,
            -0.00035718834,
            -0
          ],
          [
            -225.1565,
            106.136024,
            -0.08072662,
            1
          ]
        ],
        [
          [
            0.060808152,
            0.7044836,
            0.70711064,
            -0
          ],
          [
            0.060895965,
            0.70448357,
            -0.7071031,
            0
          ],
          [
            -0.99629027,
            0.08605781,
            -0.00006186964,
            -0
          ],
          [
            -225.15651,
            106.136024,
            -0.013981823,
            1
          ]
        ],
        [
          [
            0.060741514,
            0.7044927,
            -0.70710725,
            -0
          ],
          [
            -0.060748223,
            -0.704493,
            -0.7071064,
            0
          ],
          [
            -0.99630326,
            0.08590621,
            0.0000047311187,
            -0
          ],
          [
            43.408184,
            106.10239,
            -0.00022891644,
            1
          ]
        ],
        [
          [
            1,
            -0,
            0,
            -0
          ],
          [
            -0,
            1,
            -0,
            0
          ],
          [
            0,
            -0,
            1,
            -0
          ],
          [
            -0,
            0,
            -1.6092987,
            1
          ]
        ],
        [
          [
            0.12197101,
            0.6965543,
            -0.707061,
            -0
          ],
          [
            -0.121438906,
            -0.69655436,
            -0.7071525,
            0
          ],
          [
            -0.98507655,
            0.1721168,
            -0.00037062913,
            -0
          ],
          [
            -417.71368,
            125.29112,
            -0.15716359,
            1
          ]
        ],
        [
          [
            0.17211376,
            0.9850768,
            0.00002722312,
            -0
          ],
          [
            0.00015843105,
            4.5907623e-8,
            -0.99999976,
            0
          ],
          [
            -0.9850769,
            0.17211363,
            -0.00015598304,
            -0
          ],
          [
            -417.714,
            125.28976,
            -0.06614494,
            1
          ]
        ],
        [
          [
            0.12165754,
            0.69655424,
            0.7071145,
            -0
          ],
          [
            0.12175239,
            0.6965542,
            -0.7070984,
            0
          ],
          [
            -0.9850761,
            0.17211676,
            -0.00006604933,
            -0
          ],
          [
            -417.71353,
            125.29109,
            -0.028016932,
            1
          ]
        ],
        [
          [
            -2.8029174e-8,
            -3.7727816e-8,
            1,
            -0
          ],
          [
            0.17212678,
            0.9850748,
            4.625077e-8,
            -0
          ],
          [
            -0.9850748,
            0.17212678,
            -2.074735e-8,
            -0
          ],
          [
            -417.71246,
            125.295364,
            -0.0000066014222,
            1
          ]
        ],
        [
          [
            -0.12165788,
            -0.6965543,
            0.70711493,
            -0
          ],
          [
            0.12175213,
            0.69655436,
            0.70709866,
            -0
          ],
          [
            -0.98507655,
            0.17211688,
            0.000065647066,
            -0
          ],
          [
            -417.71368,
            125.29117,
            0.02783966,
            1
          ]
        ],
        [
          [
            -0.17211379,
            -0.985077,
            0.000027217575,
            -0
          ],
          [
            0.00015824505,
            4.563116e-8,
            1,
            -0
          ],
          [
            -0.985077,
            0.17211387,
            0.00015595132,
            -0
          ],
          [
            -417.71405,
            125.28987,
            0.06613148,
            1
          ]
        ],
        [
          [
            -0.12197082,
            -0.6965541,
            -0.7070609,
            0
          ],
          [
            -0.121439084,
            -0.696554,
            0.7071525,
            0
          ],
          [
            -0.98507625,
            0.17211683,
            0.00037047986,
            -0
          ],
          [
            -417.71356,
            125.29112,
            0.15709868,
            1
          ]
        ],
        [
          [
            -1.8651255e-7,
            -6.1092e-7,
            -1,
            0
          ],
          [
            -0.1721269,
            -0.9850747,
            6.4004723e-7,
            0
          ],
          [
            -0.98507476,
            0.1721269,
            1.4940177e-7,
            -0
          ],
          [
            -417.71237,
            125.2954,
            0.000031718686,
            1
          ]
        ]
      ],
      "BoneIndices": [
        23,
        22,
        29,
        34,
        35,
        30,
        15,
        39,
        25,
        33,
        21,
        31,
        8,
        11,
        26,
        17,
        37,
        38,
        14,
        19,
        27,
        13,
        10,
        18,
        9,
        7,
        12,
        16,
        20,
        24,
        28,
        32,
        36,
        40
      ],
      "RemapList": [
        [
          12,
          25,
          24,
          22,
          13,
          26,
          21,
          18,
          6,
          27,
          15,
          23,
          19,
          28,
          10,
          1,
          0,
          29,
          8,
          14,
          20,
          30,
          2,
          5,
          11,
          31,
          9,
          3,
          4,
          32,
          16,
          17,
          7,
          33
        ],
        [
          12,
          25,
          24,
          22,
          13,
          26,
          21,
          18,
          6,
          27,
          15,
          23,
          19,
          28,
          10,
          1,
          0,
          29,
          8,
          14,
          20,
          30,
          2,
          5,
          11,
          31,
          9,
          3,
          4,
          32,
          16,
          17,
          7,
          33
        ]
      ]
    },
    {
      "Count": 34,
      "Matrices": [
        [
          [
            -6.896026e-8,
            6.720647e-9,
            0.99999976,
            -0
          ],
          [
            0.17211379,
            0.985077,
            1.7217971e-8,
            -0
          ],
          [
            -0.9850767,
            0.17211384,
            -6.80501e-8,
            -0
          ],
          [
            -215.10638,
            125.25781,
            -0.000014399596,
            1
          ]
        ],
        [
          [
            -1.22662e-7,
            -6.2569e-9,
            1,
            -0
          ],
          [
            0.08605023,
            0.99629086,
            2.0060444e-8,
            -0
          ],
          [
            -0.99629074,
            0.086050235,
            -1.2152758e-7,
            -0
          ],
          [
            -225.15729,
            106.134315,
            -0.00002663869,
            1
          ]
        ],
        [
          [
            -0.08591189,
            -0.9963027,
            1.5208667e-7,
            -0
          ],
          [
            0.000003799241,
            -1.3181572e-7,
            1.0000001,
            -0
          ],
          [
            -0.9963028,
            0.08591193,
            0.00000384337,
            -0
          ],
          [
            43.408787,
            106.102135,
            -0.00014782943,
            1
          ]
        ],
        [
          [
            -0.06110549,
            -0.7044832,
            -0.7070847,
            0
          ],
          [
            -0.06059842,
            -0.7044832,
            0.70712817,
            0
          ],
          [
            -0.99628973,
            0.08605773,
            0.00035741134,
            -0
          ],
          [
            -225.15643,
            106.135956,
            0.08078465,
            1
          ]
        ],
        [
          [
            -0.12126589,
            -0.6965909,
            -0.7071464,
            0
          ],
          [
            -0.1217252,
            -0.69659114,
            0.70706725,
            0
          ],
          [
            -0.9851284,
            0.17182064,
            -0.00032000267,
            -0
          ],
          [
            -215.14375,
            125.1938,
            -0.06987594,
            1
          ]
        ],
        [
          [
            -0.08606322,
            -0.99628955,
            0.000013149165,
            -0
          ],
          [
            0.00015606018,
            -2.5363258e-7,
            0.9999999,
            -0
          ],
          [
            -0.9962896,
            0.08606324,
            0.00015553478,
            -0
          ],
          [
            -225.1559,
            106.137245,
            0.035174742,
            1
          ]
        ],
        [
          [
            0.1718177,
            0.98512876,
            -0.000024198236,
            -0
          ],
          [
            -0.00014214036,
            2.1823507e-7,
            -1,
            0
          ],
          [
            -0.98512876,
            0.17181772,
            0.00014005648,
            -0
          ],
          [
            -215.14409,
            125.193146,
            0.030606989,
            1
          ]
        ],
        [
          [
            -1.5111353e-7,
            -7.7695e-7,
            -0.9999994,
            0
          ],
          [
            -0.17211391,
            -0.9850764,
            8.0607504e-7,
            0
          ],
          [
            -0.9850765,
            0.17211391,
            1.848008e-7,
            -0
          ],
          [
            -215.10631,
            125.257774,
            -0.000026474647,
            1
          ]
        ],
        [
          [
            -0.060745556,
            -0.70449275,
            0.7071068,
            -0
          ],
          [
            0.060744334,
            0.70449287,
            0.7071069,
            -0
          ],
          [
            -0.9963033,
            0.08590633,
            -8.642676e-7,
            -0
          ],
          [
            43.408195,
            106.10239,
            0.000029949744,
            1
          ]
        ],
        [
          [
            -0.06074069,
            -0.7044928,
            -0.70710707,
            0
          ],
          [
            -0.0607493,
            -0.70449257,
            0.70710653,
            0
          ],
          [
            -0.9963031,
            0.08590645,
            -0.0000059492863,
            -0
          ],
          [
            43.408203,
            106.102356,
            0.00024787834,
            1
          ]
        ],
        [
          [
            1.2321285e-8,
            7.85786e-9,
            0.99999976,
            -0
          ],
          [
            0.08589878,
            0.99630415,
            -2.6691123e-9,
            0
          ],
          [
            -0.99630374,
            0.08589881,
            1.1868321e-8,
            -0
          ],
          [
            43.407387,
            106.10274,
            -6.972053e-7,
            1
          ]
        ],
        [
          [
            -0.1718177,
            -0.98512876,
            -0.000024544246,
            0
          ],
          [
            -0.00014203442,
            -1.5148726e-7,
            1,
            0
          ],
          [
            -0.98512876,
            0.1718177,
            -0.00013990689,
            -0
          ],
          [
            -215.14409,
            125.193146,
            -0.030542182,
            1
          ]
        ],
        [
          [
            1,
            -0,
            0,
            -0
          ],
          [
            -0,
            1,
            -0,
            0
          ],
          [
            0,
            -0,
            1,
            -0
          ],
          [
            -0,
            0,
            -257.17145,
            1
          ]
        ],
        [
          [
            0.12126594,
            0.6965911,
            -0.7071462,
            -0
          ],
          [
            -0.12172523,
            -0.69659096,
            -0.7070675,
            0
          ],
          [
            -0.98512834,
            0.17182073,
            0.0003198983,
            -0
          ],
          [
            -215.14374,
            125.193825,
            0.069873676,
            1
          ]
        ],
        [
          [
            -0.06080807,
            -0.7044835,
            0.7071106,
            -0
          ],
          [
            0.060895965,
            0.7044836,
            0.70710295,
            -0
          ],
          [
            -0.9962901,
            0.08605778,
            0.000061921775,
            -0
          ],
          [
            -225.15648,
            106.136024,
            0.013990416,
            1
          ]
        ],
        [
          [
            0.060745206,
            0.7044928,
            0.7071064,
            -0
          ],
          [
            0.060744498,
            0.7044926,
            -0.7071067,
            0
          ],
          [
            -0.9963029,
            0.08590611,
            5.215402e-7,
            -0
          ],
          [
            43.408173,
            106.10238,
            -0.000038090537,
            1
          ]
        ],
        [
          [
            3.1045953e-8,
            -0.000002338419,
            -1.0000002,
            -0
          ],
          [
            -0.08589823,
            -0.9963042,
            0.0000023239245,
            0
          ],
          [
            -0.9963042,
            0.08589823,
            -3.0581725e-7,
            -0
          ],
          [
            43.40734,
            106.10277,
            -0.00024388997,
            1
          ]
        ],
        [
          [
            -1.7349176e-7,
            -0.0000023511893,
            -0.99999976,
            0
          ],
          [
            -0.08604962,
            -0.9962903,
            0.0000023657105,
            0
          ],
          [
            -0.9962907,
            0.086049594,
            1.6337013e-7,
            -0
          ],
          [
            -225.15733,
            106.134125,
            -0.00016617689,
            1
          ]
        ],
        [
          [
            0.08606322,
            0.99628955,
            0.000013149165,
            -0
          ],
          [
            0.00015611856,
            -2.5866754e-7,
            -0.9999999,
            0
          ],
          [
            -0.9962896,
            0.08606319,
            -0.00015553478,
            -0
          ],
          [
            -225.1559,
            106.13723,
            -0.035174742,
            1
          ]
        ],
        [
          [
            0.12153655,
            0.6965909,
            0.7070996,
            -0
          ],
          [
            0.12145449,
            0.6965909,
            -0.7071138,
            0
          ],
          [
            -0.9851282,
            0.1718206,
            0.000057168298,
            -0
          ],
          [
            -215.14369,
            125.193756,
            0.012481744,
            1
          ]
        ],
        [
          [
            -0.12153678,
            -0.6965908,
            0.70709956,
            -0
          ],
          [
            0.121454336,
            0.6965909,
            0.7071138,
            -0
          ],
          [
            -0.98512805,
            0.17182073,
            -0.00005739925,
            -0
          ],
          [
            -215.14368,
            125.193794,
            -0.012531333,
            1
          ]
        ],
        [
          [
            0.08591185,
            0.99630255,
            -4.1832365e-8,
            -0
          ],
          [
            0.000003520119,
            -2.738923e-7,
            -0.9999999,
            0
          ],
          [
            -0.99630266,
            0.08591177,
            -0.0000034651518,
            -0
          ],
          [
            43.40878,
            106.10212,
            0.000113697446,
            1
          ]
        ],
        [
          [
            0.06110558,
            0.7044835,
            -0.707085,
            -0
          ],
          [
            -0.06059854,
            -0.70448357,
            -0.7071286,
            0
          ],
          [
            -0.99629015,
            0.086057805,
            -0.00035718834,
            -0
          ],
          [
            -225.1565,
            106.136024,
            -0.08072662,
            1
          ]
        ],
        [
          [
            0.060808152,
            0.7044836,
            0.70711064,
            -0
          ],
          [
            0.060895965,
            0.70448357,
            -0.7071031,
            0
          ],
          [
            -0.99629027,
            0.08605781,
            -0.00006186964,
            -0
          ],
          [
            -225.15651,
            106.136024,
            -0.013981823,
            1
          ]
        ],
        [
          [
            0.060741514,
            0.7044927,
            -0.70710725,
            -0
          ],
          [
            -0.060748223,
            -0.704493,
            -0.7071064,
            0
          ],
          [
            -0.99630326,
            0.08590621,
            0.0000047311187,
            -0
          ],
          [
            43.408184,
            106.10239,
            -0.00022891644,
            1
          ]
        ],
        [
          [
            1,
            -0,
            0,
            -0
          ],
          [
            -0,
            1,
            -0,
            0
          ],
          [
            0,
            -0,
            1,
            -0
          ],
          [
            -0,
            0,
            -1.6092987,
            1
          ]
        ],
        [
          [
            0.12197101,
            0.6965543,
            -0.707061,
            -0
          ],
          [
            -0.121438906,
            -0.69655436,
            -0.7071525,
            0
          ],
          [
            -0.98507655,
            0.1721168,
            -0.00037062913,
            -0
          ],
          [
            -417.71368,
            125.29112,
            -0.15716359,
            1
          ]
        ],
        [
          [
            0.17211375,
            0.9850769,
            0.000027223117,
            -0
          ],
          [
            0.00015843107,
            4.5907626e-8,
            -0.99999976,
            0
          ],
          [
            -0.9850769,
            0.17211364,
            -0.00015598306,
            -0
          ],
          [
            -417.714,
            125.28977,
            -0.06614494,
            1
          ]
        ],
        [
          [
            0.12165755,
            0.69655424,
            0.7071146,
            -0
          ],
          [
            0.121752396,
            0.6965542,
            -0.7070985,
            0
          ],
          [
            -0.9850762,
            0.17211676,
            -0.00006604934,
            -0
          ],
          [
            -417.71356,
            125.29111,
            -0.028016934,
            1
          ]
        ],
        [
          [
            -2.8029174e-8,
            -3.7727816e-8,
            1,
            -0
          ],
          [
            0.17212678,
            0.9850748,
            4.625077e-8,
            -0
          ],
          [
            -0.9850748,
            0.17212678,
            -2.074735e-8,
            -0
          ],
          [
            -417.71246,
            125.295364,
            -0.0000066014222,
            1
          ]
        ],
        [
          [
            -0.12165788,
            -0.6965543,
            0.70711493,
            -0
          ],
          [
            0.12175213,
            0.69655436,
            0.70709866,
            -0
          ],
          [
            -0.98507655,
            0.17211688,
            0.000065647066,
            -0
          ],
          [
            -417.71368,
            125.29117,
            0.02783966,
            1
          ]
        ],
        [
          [
            -0.17211379,
            -0.985077,
            0.000027217575,
            -0
          ],
          [
            0.00015824505,
            4.563116e-8,
            1,
            -0
          ],
          [
            -0.985077,
            0.17211387,
            0.00015595132,
            -0
          ],
          [
            -417.71405,
            125.28987,
            0.06613148,
            1
          ]
        ],
        [
          [
            -0.12197081,
            -0.6965542,
            -0.7070608,
            0
          ],
          [
            -0.12143908,
            -0.69655406,
            0.7071524,
            0
          ],
          [
            -0.98507625,
            0.17211685,
            0.00037047244,
            -0
          ],
          [
            -417.71356,
            125.29114,
            0.1570949,
            1
          ]
        ],
        [
          [
            -1.8651255e-7,
            -6.1092e-7,
            -1,
            0
          ],
          [
            -0.1721269,
            -0.9850747,
            6.4004723e-7,
            0
          ],
          [
            -0.98507476,
            0.1721269,
            1.4940177e-7,
            -0
          ],
          [
            -417.71237,
            125.2954,
            0.000031718686,
            1
          ]
        ]
      ],
      "BoneIndices": [
        23,
        22,
        29,
        34,
        35,
        30,
        15,
        39,
        25,
        33,
        21,
        31,
        8,
        11,
        26,
        17,
        37,
        38,
        14,
        19,
        27,
        13,
        10,
        18,
        9,
        7,
        12,
        16,
        20,
        24,
        28,
        32,
        36,
        40
      ],
      "RemapList": [
        [
          12,
          25,
          24,
          22,
          13,
          26,
          21,
          18,
          6,
          27,
          15,
          23,
          19,
          28,
          10,
          1,
          0,
          29,
          8,
          14,
          20,
          30,
          2,
          5,
          11,
          31,
          9,
          3,
          4,
          32,
          16,
          17,
          7,
          33
        ],
        [
          12,
          25,
          24,
          22,
          13,
          26,
          21,
          18,
          6,
          27,
          15,
          23,
          19,
          28,
          10,
          1,
          0,
          29,
          8,
          14,
          20,
          30,
          2,
          5,
          11,
          31,
          9,
          3,
          4,
          32,
          16,
          17,
          7,
          33
        ]
      ]
    },
    {
      "Count": 34,
      "Matrices": [
        [
          [
            -6.896027e-8,
            6.720646e-9,
            0.99999976,
            -0
          ],
          [
            0.1721138,
            0.985077,
            1.7217971e-8,
            -0
          ],
          [
            -0.98507684,
            0.17211382,
            -6.80501e-8,
            -0
          ],
          [
            -215.1064,
            125.25781,
            -0.000014399597,
            1
          ]
        ],
        [
          [
            -0.08591189,
            -0.9963028,
            1.5208666e-7,
            -0
          ],
          [
            0.000003799241,
            -1.3181574e-7,
            1,
            -0
          ],
          [
            -0.9963028,
            0.08591194,
            0.0000038433695,
            -0
          ],
          [
            43.40879,
            106.10214,
            -0.00014782943,
            1
          ]
        ],
        [
          [
            -0.061105482,
            -0.70448315,
            -0.70708483,
            0
          ],
          [
            -0.060598414,
            -0.70448315,
            0.7071283,
            0
          ],
          [
            -0.99628973,
            0.08605774,
            0.00035741142,
            -0
          ],
          [
            -225.15639,
            106.135956,
            0.08078466,
            1
          ]
        ],
        [
          [
            -0.12126589,
            -0.6965909,
            -0.7071464,
            0
          ],
          [
            -0.121725194,
            -0.69659114,
            0.70706725,
            0
          ],
          [
            -0.98512834,
            0.17182063,
            -0.0003200026,
            -0
          ],
          [
            -215.14374,
            125.193794,
            -0.069875926,
            1
          ]
        ],
        [
          [
            0.1718177,
            0.98512876,
            -0.000024198236,
            -0
          ],
          [
            -0.00014214036,
            2.1823507e-7,
            -1,
            0
          ],
          [
            -0.98512876,
            0.17181772,
            0.00014005648,
            -0
          ],
          [
            -215.14409,
            125.193146,
            0.030606989,
            1
          ]
        ],
        [
          [
            -1.5111357e-7,
            -7.769502e-7,
            -0.99999964,
            0
          ],
          [
            -0.17211396,
            -0.98507667,
            8.0607526e-7,
            0
          ],
          [
            -0.9850767,
            0.17211396,
            1.8480083e-7,
            -0
          ],
          [
            -215.10635,
            125.2578,
            -0.000026474645,
            1
          ]
        ],
        [
          [
            -0.060745556,
            -0.70449275,
            0.7071068,
            -0
          ],
          [
            0.060744334,
            0.70449287,
            0.7071069,
            -0
          ],
          [
            -0.9963033,
            0.08590633,
            -8.642676e-7,
            -0
          ],
          [
            43.408195,
            106.10239,
            0.000029949744,
            1
          ]
        ],
        [
          [
            -0.060740698,
            -0.7044928,
            -0.70710707,
            0
          ],
          [
            -0.060749307,
            -0.70449257,
            0.70710653,
            0
          ],
          [
            -0.9963032,
            0.08590645,
            -0.0000059492872,
            -0
          ],
          [
            43.408207,
            106.102356,
            0.00024787837,
            1
          ]
        ],
        [
          [
            1.2321284e-8,
            7.857859e-9,
            0.9999998,
            -0
          ],
          [
            0.08589877,
            0.99630404,
            -2.6691125e-9,
            0
          ],
          [
            -0.9963037,
            0.085898794,
            1.1868322e-8,
            -0
          ],
          [
            43.407383,
            106.10273,
            -6.972053e-7,
            1
          ]
        ],
        [
          [
            -0.1718177,
            -0.98512876,
            -0.000024544246,
            0
          ],
          [
            -0.00014203442,
            -1.5148726e-7,
            1,
            0
          ],
          [
            -0.98512876,
            0.1718177,
            -0.00013990689,
            -0
          ],
          [
            -215.14409,
            125.193146,
            -0.030542182,
            1
          ]
        ],
        [
          [
            1,
            -0,
            0,
            -0
          ],
          [
            -0,
            1,
            -0,
            0
          ],
          [
            0,
            -0,
            1,
            -0
          ],
          [
            -0,
            0,
            -257.17145,
            1
          ]
        ],
        [
          [
            0.12126593,
            0.696591,
            -0.7071462,
            -0
          ],
          [
            -0.121725224,
            -0.6965909,
            -0.7070675,
            0
          ],
          [
            -0.98512834,
            0.17182072,
            0.00031990572,
            -0
          ],
          [
            -215.14372,
            125.19381,
            0.069875576,
            1
          ]
        ],
        [
          [
            0.060745217,
            0.70449287,
            0.7071064,
            -0
          ],
          [
            0.06074451,
            0.7044927,
            -0.7071067,
            0
          ],
          [
            -0.996303,
            0.085906126,
            5.252656e-7,
            -0
          ],
          [
            43.408176,
            106.102394,
            -0.00004189114,
            1
          ]
        ],
        [
          [
            3.104595e-8,
            -0.0000023384189,
            -1.0000002,
            -0
          ],
          [
            -0.08589822,
            -0.99630415,
            0.0000023239243,
            0
          ],
          [
            -0.9963041,
            0.08589823,
            -3.0581725e-7,
            -0
          ],
          [
            43.407333,
            106.10275,
            -0.00024388995,
            1
          ]
        ],
        [
          [
            0.12153655,
            0.6965909,
            0.7070996,
            -0
          ],
          [
            0.12145449,
            0.6965909,
            -0.7071138,
            0
          ],
          [
            -0.9851282,
            0.1718206,
            0.000057168298,
            -0
          ],
          [
            -215.14369,
            125.193756,
            0.012481744,
            1
          ]
        ],
        [
          [
            -0.12153678,
            -0.6965908,
            0.70709956,
            -0
          ],
          [
            0.121454336,
            0.6965909,
            0.7071138,
            -0
          ],
          [
            -0.98512805,
            0.17182073,
            -0.00005739925,
            -0
          ],
          [
            -215.14368,
            125.193794,
            -0.012531333,
            1
          ]
        ],
        [
          [
            0.08591185,
            0.99630266,
            -4.183237e-8,
            -0
          ],
          [
            0.000003520119,
            -2.7389234e-7,
            -0.99999976,
            0
          ],
          [
            -0.99630266,
            0.08591178,
            -0.0000034651518,
            -0
          ],
          [
            43.40878,
            106.102135,
            0.00011369743,
            1
          ]
        ],
        [
          [
            0.060741514,
            0.7044927,
            -0.70710725,
            -0
          ],
          [
            -0.060748223,
            -0.704493,
            -0.7071064,
            0
          ],
          [
            -0.99630326,
            0.08590621,
            0.0000047311187,
            -0
          ],
          [
            43.408184,
            106.10239,
            -0.00022891644,
            1
          ]
        ],
        [
          [
            1,
            -0,
            0,
            -0
          ],
          [
            -0,
            1,
            -0,
            0
          ],
          [
            0,
            -0,
            1,
            -0
          ],
          [
            -0,
            0,
            -1.6092987,
            1
          ]
        ],
        [
          [
            0.06110558,
            0.7044835,
            -0.707085,
            -0
          ],
          [
            -0.06059854,
            -0.70448357,
            -0.7071286,
            0
          ],
          [
            -0.99629015,
            0.086057805,
            -0.00035718834,
            -0
          ],
          [
            -225.1565,
            106.136024,
            -0.08072662,
            1
          ]
        ],
        [
          [
            0.12197101,
            0.6965543,
            -0.707061,
            -0
          ],
          [
            -0.121438906,
            -0.69655436,
            -0.7071525,
            0
          ],
          [
            -0.98507655,
            0.1721168,
            -0.00037062913,
            -0
          ],
          [
            -417.71368,
            125.29112,
            -0.15716359,
            1
          ]
        ],
        [
          [
            0.08606322,
            0.9962897,
            0.000013149166,
            -0
          ],
          [
            0.00015611856,
            -2.5866757e-7,
            -1,
            0
          ],
          [
            -0.9962897,
            0.0860632,
            -0.0001555348,
            -0
          ],
          [
            -225.15591,
            106.137245,
            -0.035174742,
            1
          ]
        ],
        [
          [
            0.17211373,
            0.9850769,
            0.000027223121,
            -0
          ],
          [
            0.00015843107,
            4.5905814e-8,
            -0.9999999,
            0
          ],
          [
            -0.9850769,
            0.17211363,
            -0.00015598307,
            -0
          ],
          [
            -417.714,
            125.28978,
            -0.06614495,
            1
          ]
        ],
        [
          [
            0.06080815,
            0.70448357,
            0.70711064,
            -0
          ],
          [
            0.06089596,
            0.70448357,
            -0.7071031,
            0
          ],
          [
            -0.9962902,
            0.08605782,
            -0.00006186591,
            -0
          ],
          [
            -225.15651,
            106.136024,
            -0.013981823,
            1
          ]
        ],
        [
          [
            0.12165755,
            0.6965543,
            0.7071146,
            -0
          ],
          [
            0.121752396,
            0.69655424,
            -0.7070985,
            0
          ],
          [
            -0.98507625,
            0.17211676,
            -0.00006604935,
            -0
          ],
          [
            -417.71356,
            125.29111,
            -0.028016938,
            1
          ]
        ],
        [
          [
            -1.22662e-7,
            -6.2569e-9,
            1,
            -0
          ],
          [
            0.08605023,
            0.99629086,
            2.0060444e-8,
            -0
          ],
          [
            -0.99629074,
            0.086050235,
            -1.2152758e-7,
            -0
          ],
          [
            -225.15729,
            106.134315,
            -0.00002663869,
            1
          ]
        ],
        [
          [
            -2.8029174e-8,
            -3.7727816e-8,
            1,
            -0
          ],
          [
            0.17212678,
            0.9850748,
            4.625077e-8,
            -0
          ],
          [
            -0.9850748,
            0.17212678,
            -2.074735e-8,
            -0
          ],
          [
            -417.71246,
            125.295364,
            -0.0000066014222,
            1
          ]
        ],
        [
          [
            -0.06080807,
            -0.7044835,
            0.7071106,
            -0
          ],
          [
            0.060895965,
            0.7044836,
            0.70710295,
            -0
          ],
          [
            -0.9962901,
            0.08605778,
            0.000061921775,
            -0
          ],
          [
            -225.15648,
            106.136024,
            0.013990416,
            1
          ]
        ],
        [
          [
            -0.12165788,
            -0.6965543,
            0.70711493,
            -0
          ],
          [
            0.12175213,
            0.69655436,
            0.70709866,
            -0
          ],
          [
            -0.98507655,
            0.17211688,
            0.000065647066,
            -0
          ],
          [
            -417.71368,
            125.29117,
            0.02783966,
            1
          ]
        ],
        [
          [
            -0.08606322,
            -0.9962897,
            0.000013149166,
            -0
          ],
          [
            0.00015606018,
            -2.536326e-7,
            1,
            -0
          ],
          [
            -0.9962897,
            0.08606325,
            0.0001555348,
            -0
          ],
          [
            -225.15591,
            106.13726,
            0.035174742,
            1
          ]
        ],
        [
          [
            -0.17211379,
            -0.985077,
            0.000027217575,
            -0
          ],
          [
            0.00015824505,
            4.563116e-8,
            1,
            -0
          ],
          [
            -0.985077,
            0.17211387,
            0.00015595132,
            -0
          ],
          [
            -417.71405,
            125.28987,
            0.06613148,
            1
          ]
        ],
        [
          [
            -0.12197082,
            -0.6965542,
            -0.7070609,
            0
          ],
          [
            -0.121439084,
            -0.69655406,
            0.7071525,
            0
          ],
          [
            -0.98507625,
            0.17211685,
            0.0003704725,
            -0
          ],
          [
            -417.71353,
            125.29114,
            0.15709491,
            1
          ]
        ],
        [
          [
            -1.7349178e-7,
            -0.0000023511898,
            -0.9999999,
            0
          ],
          [
            -0.08604962,
            -0.99629045,
            0.0000023657108,
            0
          ],
          [
            -0.9962907,
            0.0860496,
            1.6337019e-7,
            -0
          ],
          [
            -225.15733,
            106.13413,
            -0.00016617689,
            1
          ]
        ],
        [
          [
            -1.8651255e-7,
            -6.1092e-7,
            -1,
            0
          ],
          [
            -0.1721269,
            -0.9850747,
            6.4004723e-7,
            0
          ],
          [
            -0.98507476,
            0.1721269,
            1.4940177e-7,
            -0
          ],
          [
            -417.71237,
            125.2954,
            0.000031718686,
            1
          ]
        ]
      ],
      "BoneIndices": [
        23,
        29,
        34,
        35,
        15,
        39,
        25,
        33,
        21,
        31,
        8,
        11,
        17,
        37,
        19,
        27,
        13,
        9,
        7,
        10,
        12,
        14,
        16,
        18,
        20,
        22,
        24,
        26,
        28,
        30,
        32,
        36,
        38,
        40
      ],
      "RemapList": [
        [
          10,
          18,
          17,
          19,
          11,
          20,
          16,
          21,
          4,
          22,
          12,
          23,
          14,
          24,
          8,
          25,
          0,
          26,
          6,
          27,
          15,
          28,
          1,
          29,
          9,
          30,
          7,
          2,
          3,
          31,
          13,
          32,
          5,
          33
        ],
        [
          10,
          18,
          17,
          19,
          11,
          20,
          16,
          21,
          4,
          22,
          12,
          23,
          14,
          24,
          8,
          25,
          0,
          26,
          6,
          27,
          15,
          28,
          1,
          29,
          9,
          30,
          7,
          2,
          3,
          31,
          13,
          32,
          5,
          33
        ]
      ]
    },
    {
      "Count": 25,
      "Matrices": [
        [
          [
            -0.060740694,
            -0.7044928,
            -0.707107,
            0
          ],
          [
            -0.060749304,
            -0.70449257,
            0.7071065,
            0
          ],
          [
            -0.9963032,
            0.08590645,
            -0.0000059530125,
            -0
          ],
          [
            43.4082,
            106.102356,
            0.00024787837,
            1
          ]
        ],
        [
          [
            -0.08606322,
            -0.9962897,
            0.000013149167,
            -0
          ],
          [
            0.00015606018,
            -2.5363173e-7,
            1.0000001,
            -0
          ],
          [
            -0.9962897,
            0.08606325,
            0.00015553481,
            -0
          ],
          [
            -225.15591,
            106.13726,
            0.035174746,
            1
          ]
        ],
        [
          [
            -1.7349178e-7,
            -0.0000023511898,
            -0.9999999,
            0
          ],
          [
            -0.08604962,
            -0.99629056,
            0.0000023657105,
            0
          ],
          [
            -0.9962908,
            0.08604961,
            1.6337015e-7,
            -0
          ],
          [
            -225.15736,
            106.13415,
            -0.00016617689,
            1
          ]
        ],
        [
          [
            1,
            -0,
            0,
            -0
          ],
          [
            -0,
            1,
            -0,
            0
          ],
          [
            0,
            -0,
            1,
            -0
          ],
          [
            -0,
            0,
            -257.17145,
            1
          ]
        ],
        [
          [
            0.12126593,
            0.69659096,
            -0.70714617,
            -0
          ],
          [
            -0.121725224,
            -0.6965909,
            -0.70706743,
            0
          ],
          [
            -0.9851283,
            0.17182072,
            0.00031990567,
            -0
          ],
          [
            -215.14372,
            125.19381,
            0.06987557,
            1
          ]
        ],
        [
          [
            0.060741514,
            0.7044927,
            -0.70710725,
            -0
          ],
          [
            -0.060748223,
            -0.704493,
            -0.7071064,
            0
          ],
          [
            -0.99630326,
            0.08590621,
            0.0000047311187,
            -0
          ],
          [
            43.408184,
            106.10239,
            -0.00022891644,
            1
          ]
        ],
        [
          [
            1.2321287e-8,
            7.857859e-9,
            0.9999999,
            -0
          ],
          [
            0.08589879,
            0.99630404,
            -2.6691125e-9,
            0
          ],
          [
            -0.99630386,
            0.085898794,
            1.1868323e-8,
            -0
          ],
          [
            43.40739,
            106.10273,
            -6.9720534e-7,
            1
          ]
        ],
        [
          [
            -0.06080807,
            -0.7044835,
            0.7071106,
            -0
          ],
          [
            0.060895965,
            0.7044836,
            0.70710295,
            -0
          ],
          [
            -0.9962901,
            0.08605778,
            0.000061921775,
            -0
          ],
          [
            -225.15648,
            106.136024,
            0.013990416,
            1
          ]
        ],
        [
          [
            0.060808156,
            0.7044836,
            0.7071106,
            -0
          ],
          [
            0.060895965,
            0.70448357,
            -0.707103,
            0
          ],
          [
            -0.99629027,
            0.08605782,
            -0.000061869636,
            -0
          ],
          [
            -225.15654,
            106.136024,
            -0.013981823,
            1
          ]
        ],
        [
          [
            -0.1718177,
            -0.98512876,
            -0.000024544246,
            0
          ],
          [
            -0.00014203442,
            -1.5148726e-7,
            1,
            0
          ],
          [
            -0.98512876,
            0.1718177,
            -0.00013990689,
            -0
          ],
          [
            -215.14409,
            125.193146,
            -0.030542182,
            1
          ]
        ],
        [
          [
            -1.5111357e-7,
            -7.769503e-7,
            -0.99999976,
            0
          ],
          [
            -0.17211397,
            -0.9850768,
            8.060754e-7,
            0
          ],
          [
            -0.98507684,
            0.17211397,
            1.8480084e-7,
            -0
          ],
          [
            -215.10638,
            125.25782,
            -0.000026474663,
            1
          ]
        ],
        [
          [
            3.1045943e-8,
            -0.0000023384187,
            -1.0000001,
            -0
          ],
          [
            -0.08589822,
            -0.9963041,
            0.000002323924,
            0
          ],
          [
            -0.9963041,
            0.08589822,
            -3.058172e-7,
            -0
          ],
          [
            43.407337,
            106.102745,
            -0.00024388991,
            1
          ]
        ],
        [
          [
            0.08591186,
            0.9963028,
            -4.183238e-8,
            -0
          ],
          [
            0.0000035201197,
            -2.738924e-7,
            -1,
            0
          ],
          [
            -0.9963028,
            0.085911795,
            -0.0000034651528,
            -0
          ],
          [
            43.408783,
            106.10214,
            0.00011369746,
            1
          ]
        ],
        [
          [
            0.08606322,
            0.9962897,
            0.000013149167,
            -0
          ],
          [
            0.00015611856,
            -2.586676e-7,
            -1.0000001,
            0
          ],
          [
            -0.9962897,
            0.0860632,
            -0.00015553481,
            -0
          ],
          [
            -225.15591,
            106.137245,
            -0.035174746,
            1
          ]
        ],
        [
          [
            0.060745213,
            0.7044928,
            0.7071065,
            -0
          ],
          [
            0.060744505,
            0.7044926,
            -0.70710677,
            0
          ],
          [
            -0.996303,
            0.085906126,
            5.252657e-7,
            -0
          ],
          [
            43.408173,
            106.10239,
            -0.000041891148,
            1
          ]
        ],
        [
          [
            -0.085911885,
            -0.9963028,
            1.5208667e-7,
            -0
          ],
          [
            0.0000037992409,
            -1.3181575e-7,
            1.0000001,
            -0
          ],
          [
            -0.9963027,
            0.08591194,
            0.00000384337,
            -0
          ],
          [
            43.408787,
            106.10214,
            -0.00014782946,
            1
          ]
        ],
        [
          [
            -0.0611055,
            -0.70448333,
            -0.70708483,
            0
          ],
          [
            -0.06059843,
            -0.70448333,
            0.70712835,
            0
          ],
          [
            -0.99628997,
            0.08605775,
            0.00035741532,
            -0
          ],
          [
            -225.15646,
            106.13599,
            0.08078471,
            1
          ]
        ],
        [
          [
            -0.12153676,
            -0.6965907,
            0.70709956,
            -0
          ],
          [
            0.12145433,
            0.69659084,
            0.7071138,
            -0
          ],
          [
            -0.985128,
            0.1718207,
            -0.00005739925,
            -0
          ],
          [
            -215.14365,
            125.19377,
            -0.012531333,
            1
          ]
        ],
        [
          [
            -6.8960276e-8,
            6.7206463e-9,
            0.9999999,
            -0
          ],
          [
            0.1721138,
            0.985077,
            1.7217975e-8,
            -0
          ],
          [
            -0.98507684,
            0.17211382,
            -6.805011e-8,
            -0
          ],
          [
            -215.10641,
            125.257805,
            -0.0000143995985,
            1
          ]
        ],
        [
          [
            -1.2266202e-7,
            -6.2568994e-9,
            1,
            -0
          ],
          [
            0.086050235,
            0.99629086,
            2.0060442e-8,
            -0
          ],
          [
            -0.9962908,
            0.086050235,
            -1.2152758e-7,
            -0
          ],
          [
            -225.1573,
            106.134315,
            -0.000026638689,
            1
          ]
        ],
        [
          [
            -0.12126587,
            -0.6965908,
            -0.70714635,
            0
          ],
          [
            -0.12172519,
            -0.6965911,
            0.7070672,
            0
          ],
          [
            -0.9851283,
            0.17182061,
            -0.00032001,
            -0
          ],
          [
            -215.14372,
            125.19379,
            -0.06987591,
            1
          ]
        ],
        [
          [
            0.06110558,
            0.7044835,
            -0.70708495,
            -0
          ],
          [
            -0.06059854,
            -0.70448357,
            -0.7071285,
            0
          ],
          [
            -0.99629015,
            0.086057805,
            -0.0003571883,
            -0
          ],
          [
            -225.15651,
            106.13603,
            -0.080726616,
            1
          ]
        ],
        [
          [
            0.1718177,
            0.98512876,
            -0.000024198236,
            -0
          ],
          [
            -0.00014214036,
            2.1823507e-7,
            -1,
            0
          ],
          [
            -0.98512876,
            0.17181772,
            0.00014005648,
            -0
          ],
          [
            -215.14409,
            125.193146,
            0.030606989,
            1
          ]
        ],
        [
          [
            -0.060745552,
            -0.70449275,
            0.7071068,
            -0
          ],
          [
            0.06074433,
            0.70449287,
            0.7071069,
            -0
          ],
          [
            -0.99630326,
            0.08590633,
            -8.642675e-7,
            -0
          ],
          [
            43.40819,
            106.10239,
            0.000029949742,
            1
          ]
        ],
        [
          [
            0.12153655,
            0.6965909,
            0.7070996,
            -0
          ],
          [
            0.12145449,
            0.6965909,
            -0.7071138,
            0
          ],
          [
            -0.9851282,
            0.1718206,
            0.000057168298,
            -0
          ],
          [
            -215.14369,
            125.193756,
            0.012481744,
            1
          ]
        ]
      ],
      "BoneIndices": [
        33,
        30,
        38,
        8,
        11,
        9,
        21,
        26,
        18,
        31,
        39,
        37,
        13,
        14,
        17,
        29,
        34,
        27,
        23,
        22,
        35,
        10,
        15,
        25,
        19
      ],
      "RemapList": [
        [
          3,
          5,
          21,
          4,
          12,
          13,
          22,
          14,
          8,
          24,
          6,
          19,
          18,
          23,
          7,
          17,
          15,
          1,
          9,
          0,
          16,
          20,
          11,
          2,
          10
        ]
      ]
    },
    {
      "Count": 25,
      "Matrices": [
        [
          [
            -0.1718177,
            -0.98512876,
            -0.000024544246,
            0
          ],
          [
            -0.00014203442,
            -1.5148726e-7,
            1,
            0
          ],
          [
            -0.98512876,
            0.1718177,
            -0.00013990689,
            -0
          ],
          [
            -215.14409,
            125.193146,
            -0.030542182,
            1
          ]
        ],
        [
          [
            -0.12126587,
            -0.6965908,
            -0.70714635,
            0
          ],
          [
            -0.12172519,
            -0.696591,
            0.7070672,
            0
          ],
          [
            -0.9851282,
            0.17182061,
            -0.0003200025,
            -0
          ],
          [
            -215.14372,
            125.19378,
            -0.069873996,
            1
          ]
        ],
        [
          [
            0.061105575,
            0.7044835,
            -0.7070851,
            -0
          ],
          [
            -0.06059854,
            -0.70448357,
            -0.70712864,
            0
          ],
          [
            -0.9962901,
            0.086057805,
            -0.0003571883,
            -0
          ],
          [
            -225.1565,
            106.13602,
            -0.080726616,
            1
          ]
        ],
        [
          [
            0.08591186,
            0.9963027,
            -4.183235e-8,
            -0
          ],
          [
            0.0000035201197,
            -2.7389237e-7,
            -1,
            0
          ],
          [
            -0.9963028,
            0.08591179,
            -0.0000034651525,
            -0
          ],
          [
            43.408783,
            106.10214,
            0.000113697446,
            1
          ]
        ],
        [
          [
            -0.08591189,
            -0.9963027,
            1.5208667e-7,
            -0
          ],
          [
            0.000003799241,
            -1.3181572e-7,
            1.0000001,
            -0
          ],
          [
            -0.9963028,
            0.08591193,
            0.00000384337,
            -0
          ],
          [
            43.408787,
            106.102135,
            -0.00014782943,
            1
          ]
        ],
        [
          [
            0.12153655,
            0.6965909,
            0.7070996,
            -0
          ],
          [
            0.12145449,
            0.6965909,
            -0.7071138,
            0
          ],
          [
            -0.9851282,
            0.1718206,
            0.000057168298,
            -0
          ],
          [
            -215.14369,
            125.193756,
            0.012481744,
            1
          ]
        ],
        [
          [
            -0.08606323,
            -0.9962896,
            0.000013149167,
            -0
          ],
          [
            0.0001560602,
            -2.5363173e-7,
            1.0000001,
            -0
          ],
          [
            -0.99628973,
            0.08606324,
            0.0001555348,
            -0
          ],
          [
            -225.15593,
            106.137245,
            0.035174746,
            1
          ]
        ],
        [
          [
            -0.06080807,
            -0.70448345,
            0.70711064,
            -0
          ],
          [
            0.060895965,
            0.70448357,
            0.707103,
            -0
          ],
          [
            -0.9962901,
            0.08605777,
            0.000061921775,
            -0
          ],
          [
            -225.15651,
            106.13601,
            0.013990416,
            1
          ]
        ],
        [
          [
            -1.22662e-7,
            -6.2569003e-9,
            1.0000001,
            -0
          ],
          [
            0.08605023,
            0.99629086,
            2.0060446e-8,
            -0
          ],
          [
            -0.99629074,
            0.086050235,
            -1.2152759e-7,
            -0
          ],
          [
            -225.15729,
            106.134315,
            -0.000026638692,
            1
          ]
        ],
        [
          [
            -0.0611055,
            -0.7044834,
            -0.70708495,
            0
          ],
          [
            -0.06059843,
            -0.7044834,
            0.70712847,
            0
          ],
          [
            -0.99628997,
            0.08605776,
            0.0003574154,
            -0
          ],
          [
            -225.15646,
            106.136,
            0.08078472,
            1
          ]
        ],
        [
          [
            -0.060740698,
            -0.70449287,
            -0.7071071,
            0
          ],
          [
            -0.060749307,
            -0.7044926,
            0.7071066,
            0
          ],
          [
            -0.9963032,
            0.08590646,
            -0.000005953013,
            -0
          ],
          [
            43.408203,
            106.102356,
            0.0002478784,
            1
          ]
        ],
        [
          [
            0.08606323,
            0.9962896,
            0.000013149167,
            -0
          ],
          [
            0.00015611858,
            -2.586667e-7,
            -1.0000001,
            0
          ],
          [
            -0.99628973,
            0.08606319,
            -0.0001555348,
            -0
          ],
          [
            -225.15593,
            106.13724,
            -0.035174746,
            1
          ]
        ],
        [
          [
            0.06080815,
            0.7044835,
            0.7071106,
            -0
          ],
          [
            0.060895957,
            0.7044835,
            -0.707103,
            0
          ],
          [
            -0.99629015,
            0.08605781,
            -0.00006186963,
            -0
          ],
          [
            -225.1565,
            106.13602,
            -0.013981821,
            1
          ]
        ],
        [
          [
            0.06074151,
            0.7044926,
            -0.70710725,
            -0
          ],
          [
            -0.060748216,
            -0.7044929,
            -0.7071064,
            0
          ],
          [
            -0.9963032,
            0.08590619,
            0.0000047311187,
            -0
          ],
          [
            43.40818,
            106.10238,
            -0.00022891644,
            1
          ]
        ],
        [
          [
            1,
            -0,
            0,
            -0
          ],
          [
            -0,
            1,
            -0,
            0
          ],
          [
            0,
            -0,
            1,
            -0
          ],
          [
            -0,
            0,
            -257.17145,
            1
          ]
        ],
        [
          [
            0.121265925,
            0.69659096,
            -0.70714617,
            -0
          ],
          [
            -0.12172522,
            -0.69659084,
            -0.70706743,
            0
          ],
          [
            -0.9851282,
            0.1718207,
            0.0003198982,
            -0
          ],
          [
            -215.14372,
            125.1938,
            0.06987747,
            1
          ]
        ],
        [
          [
            -6.896028e-8,
            6.7206463e-9,
            0.9999999,
            -0
          ],
          [
            0.17211382,
            0.985077,
            1.7217975e-8,
            -0
          ],
          [
            -0.98507696,
            0.17211382,
            -6.805011e-8,
            -0
          ],
          [
            -215.10645,
            125.2578,
            -0.0000143995985,
            1
          ]
        ],
        [
          [
            -1.7349178e-7,
            -0.0000023511902,
            -1,
            0
          ],
          [
            -0.08604962,
            -0.9962907,
            0.0000023657108,
            0
          ],
          [
            -0.99629074,
            0.086049624,
            1.6337016e-7,
            -0
          ],
          [
            -225.15733,
            106.13416,
            -0.00016617689,
            1
          ]
        ],
        [
          [
            -0.060745552,
            -0.7044927,
            0.7071068,
            -0
          ],
          [
            0.06074433,
            0.7044928,
            0.7071069,
            -0
          ],
          [
            -0.99630326,
            0.08590632,
            -8.6426746e-7,
            -0
          ],
          [
            43.40819,
            106.10239,
            0.000033869543,
            1
          ]
        ],
        [
          [
            -0.12153678,
            -0.6965907,
            0.7070995,
            -0
          ],
          [
            0.12145434,
            0.6965908,
            0.70711374,
            -0
          ],
          [
            -0.9851281,
            0.1718207,
            -0.00005740671,
            -0
          ],
          [
            -215.14368,
            125.19378,
            -0.0125313345,
            1
          ]
        ],
        [
          [
            1.2321288e-8,
            7.857859e-9,
            1,
            -0
          ],
          [
            0.08589879,
            0.996304,
            -2.669113e-9,
            0
          ],
          [
            -0.99630386,
            0.085898794,
            1.1868325e-8,
            -0
          ],
          [
            43.40739,
            106.10272,
            -6.972054e-7,
            1
          ]
        ],
        [
          [
            3.1045953e-8,
            -0.0000023384184,
            -1.0000001,
            -0
          ],
          [
            -0.085898206,
            -0.99630404,
            0.0000023239238,
            0
          ],
          [
            -0.996304,
            0.08589821,
            -3.058172e-7,
            -0
          ],
          [
            43.40733,
            106.10274,
            -0.00024388988,
            1
          ]
        ],
        [
          [
            0.060745217,
            0.7044928,
            0.7071066,
            -0
          ],
          [
            0.06074451,
            0.7044926,
            -0.7071069,
            0
          ],
          [
            -0.9963031,
            0.08590611,
            5.252658e-7,
            -0
          ],
          [
            43.408176,
            106.10238,
            -0.00004189115,
            1
          ]
        ],
        [
          [
            -1.511136e-7,
            -7.7695034e-7,
            -0.9999999,
            0
          ],
          [
            -0.17211398,
            -0.9850769,
            8.0607543e-7,
            0
          ],
          [
            -0.98507696,
            0.17211398,
            1.8480087e-7,
            -0
          ],
          [
            -215.10643,
            125.25783,
            -0.00002647465,
            1
          ]
        ],
        [
          [
            0.1718177,
            0.98512876,
            -0.000024198236,
            -0
          ],
          [
            -0.00014214036,
            2.1823507e-7,
            -1,
            0
          ],
          [
            -0.98512876,
            0.17181772,
            0.00014005648,
            -0
          ],
          [
            -215.14409,
            125.193146,
            0.030606989,
            1
          ]
        ]
      ],
      "BoneIndices": [
        31,
        35,
        10,
        13,
        29,
        19,
        30,
        26,
        22,
        34,
        33,
        14,
        18,
        9,
        8,
        11,
        23,
        38,
        25,
        27,
        21,
        37,
        17,
        39,
        15
      ],
      "RemapList": [
        [
          14,
          13,
          2,
          15,
          3,
          11,
          24,
          22,
          12,
          5,
          20,
          8,
          16,
          18,
          7,
          19,
          4,
          6,
          0,
          10,
          9,
          1,
          21,
          17,
          23
        ]
      ]
    }
  ],
  "Bones": [
    {
      "NameHash": "0x4a182741",
      "Index": 0,
      "ParentIndex": 0,
      "Increment": 0,
      "Transform": {
        "Rotation": [
          1,
          0,
          0,
          0,
          1,
          0,
          0,
          0,
          1
        ],
        "Translation": [
          0,
          0,
          0
        ],
        "Scale": [
          1,
          1,
          1
        ],
        "Skew": 0
      },
      "Matrix": [
        1,
        0,
        0,
        0,
        0,
        1,
        0,
        0,
        0,
        0,
        1,
        0,
        0,
        0,
        0,
        1
      ],
      "Children": [
        1,
        74,
        75,
        79,
        81,
        101,
        103
      ]
    },
    {
      "NameHash": "0x7f30e61c",
      "Index": 1,
      "ParentIndex": 0,
      "Increment": 1,
      "Transform": {
        "Rotation": [
          1,
          0,
          0,
          0,
          1,
          0,
          0,
          0,
          1
        ],
        "Translation": [
          0,
          0,
          0
        ],
        "Scale": [
          1,
          1,
          1
        ],
        "Skew": 0
      },
      "Matrix": [
        1,
        0,
        0,
        0,
        0,
        1,
        0,
        0,
        0,
        0,
        1,
        0,
        0,
        0,
        0,
        1
      ],
      "Children": [
        2
      ]
    },
    {
      "NameHash": "0x44980d24",
      "Index": 2,
      "ParentIndex": 1,
      "Increment": 1,
      "Transform": {
        "Rotation": [
          1,
          0,
          0,
          0,
          1,
          0,
          0,
          0,
          1
        ],
        "Translation": [
          0,
          0,
          0
        ],
        "Scale": [
          1,
          1,
          1
        ],
        "Skew": 0
      },
      "Matrix": [
        1,
        0,
        0,
        0,
        0,
        1,
        0,
        0,
        0,
        0,
        1,
        0,
        0,
        0,
        0,
        1
      ],
      "Children": [
        3,
        6,
        41,
        69
      ]
    },
    {
      "NameHash": "0x1d667f2e",
      "Index": 3,
      "ParentIndex": 2,
      "Increment": 1,
      "Transform": {
        "Rotation": [
          1,
          0,
          0,
          0,
          1,
          0,
          0,
          0,
          1
        ],
        "Translation": [
          0,
          0,
          0
        ],
        "Scale": [
          1,
          1,
          1
        ],
        "Skew": 0
      },
      "Matrix": [
        1,
        0,
        0,
        0,
        0,
        1,
        0,
        0,
        0,
        0,
        1,
        0,
        0,
        0,
        0,
        1
      ],
      "Children": [
        4,
        5
      ]
    },
    {
      "NameHash": "0x88146ef9",
      "Index": 4,
      "ParentIndex": 3,
      "Increment": 1,
      "Transform": {
        "Rotation": [
          1,
          0,
          0,
          0,
          1,
          0,
          0,
          0,
          1
        ],
        "Translation": [
          0,
          0,
          -1.6092987
        ],
        "Scale": [
          1,
          1,
          1
        ],
        "Skew": 0
      },
      "Matrix": [
        1,
        0,
        0,
        0,
        0,
        1,
        0,
        0,
        0,
        0,
        1,
        0,
        0,
        0,
        -1.6092987,
        1
      ],
      "Children": null
    },
    {
      "NameHash": "0x71b3873e",
      "Index": 5,
      "ParentIndex": 3,
      "Increment": 1,
      "Transform": {
        "Rotation": [
          1,
          0,
          0,
          0,
          1,
          0,
          0,
          0,
          1
        ],
        "Translation": [
          0,
          0,
          -1.6092987
        ],
        "Scale": [
          1,
          1,
          1
        ],
        "Skew": 0
      },
      "Matrix": [
        1,
        0,
        0,
        0,
        0,
        1,
        0,
        0,
        0,
        0,
        1,
        0,
        0,
        0,
        -1.6092987,
        1
      ],
      "Children": null
    },
    {
      "NameHash": "0x975cebbd",
      "Index": 6,
      "ParentIndex": 2,
      "Increment": 1,
      "Transform": {
        "Rotation": [
          1,
          0,
          0,
          0,
          1,
          0,
          0,
          0,
          1
        ],
        "Translation": [
          0,
          0,
          0
        ],
        "Scale": [
          1,
          1,
          1
        ],
        "Skew": 0
      },
      "Matrix": [
        1,
        0,
        0,
        0,
        0,
        1,
        0,
        0,
        0,
        0,
        1,
        0,
        0,
        0,
        0,
        1
      ],
      "Children": [
        7
      ]
    },
    {
      "NameHash": "0xbccf91e5",
      "Index": 7,
      "ParentIndex": 6,
      "Increment": 1,
      "Transform": {
        "Rotation": [
          1,
          0,
          0,
          0,
          1,
          0,
          0,
          0,
          1
        ],
        "Translation": [
          0,
          0,
          0
        ],
        "Scale": [
          1,
          1,
          1
        ],
        "Skew": 0
      },
      "Matrix": [
        1,
        0,
        0,
        0,
        0,
        1,
        0,
        0,
        0,
        0,
        1,
        0,
        0,
        0,
        0,
        1
      ],
      "Children": [
        8,
        77
      ]
    },
    {
      "NameHash": "0x9b115563",
      "Index": 8,
      "ParentIndex": 7,
      "Increment": 1,
      "Transform": {
        "Rotation": [
          1,
          0,
          0,
          0,
          1,
          0,
          0,
          0,
          1
        ],
        "Translation": [
          0,
          0,
          255.56215
        ],
        "Scale": [
          1,
          1,
          1
        ],
        "Skew": 0
      },
      "Matrix": [
        1,
        0,
        0,
        0,
        0,
        1,
        0,
        0,
        0,
        0,
        1,
        0,
        0,
        0,
        255.56215,
        1
      ],
      "Children": [
        9,
        13,
        17,
        21,
        25,
        29,
        33,
        37,
        76,
        78,
        80,
        82,
        83,
        84,
        85,
        86,
        87,
        88,
        89,
        90,
        91,
        92,
        93,
        94,
        95,
        96,
        97,
        98,
        99,
        100,
        102
      ]
    },
    {
      "NameHash": "0x0139213f",
      "Index": 9,
      "ParentIndex": 8,
      "Increment": 1,
      "Transform": {
        "Rotation": [
          0.060741488,
          -0.060748227,
          -0.99630326,
          0.7044926,
          -0.7044929,
          0.085906215,
          -0.70710725,
          -0.70710635,
          0.000004708062
        ],
        "Translation": [
          -77.385185,
          77.385185,
          -223.03859
        ],
        "Scale": [
          1,
          1,
          1
        ],
        "Skew": 0
      },
      "Matrix": [
        0.060741488,
        -0.060748227,
        -0.99630326,
        0,
        0.7044926,
        -0.7044929,
        0.085906215,
        0,
        -0.70710725,
        -0.70710635,
        0.000004708062,
        0,
        -77.385185,
        77.385185,
        32.52356,
        1
      ],
      "Children": [
        10,
        11
      ]
    },
    {
      "NameHash": "0x64653f6c",
      "Index": 10,
      "ParentIndex": 9,
      "Increment": 1,
      "Transform": {
        "Rotation": [
          0.99999994,
          0.00015217256,
          -0.00036315422,
          -0.0001521726,
          1,
          -3.0872496e-8,
          0.00036315422,
          8.613461e-8,
          0.99999994
        ],
        "Translation": [
          268.58075,
          0.0006656647,
          -0.0012718848
        ],
        "Scale": [
          0.99999994,
          0.9999999,
          0.99999994
        ],
        "Skew": 0
      },
      "Matrix": [
        0.061105557,
        -0.06059854,
        -0.99629,
        0,
        0.70448345,
        -0.7044835,
        0.086057805,
        0,
        -0.7070849,
        -0.70712847,
        -0.00035720237,
        0,
        -61.06984,
        61.06984,
        -235.06433,
        1
      ],
      "Children": null
    },
    {
      "NameHash": "0xce369ced",
      "Index": 11,
      "ParentIndex": 9,
      "Increment": 1,
      "Transform": {
        "Rotation": [
          0.9962469,
          0.08655693,
          0.00032008352,
          -0.086556934,
          0.99624693,
          4.2065375e-7,
          -0.00031884582,
          -0.000028124521,
          0.99999994
        ],
        "Translation": [
          268.58075,
          0.0006656647,
          -0.0012718848
        ],
        "Scale": [
          0.9999998,
          0.9999997,
          0.99999976
        ],
        "Skew": 0
      },
      "Matrix": [
        0.12126594,
        -0.12172515,
        -0.985128,
        0,
        0.6965907,
        -0.69659054,
        0.17182063,
        0,
        -0.7071459,
        -0.70706713,
        0.00031995375,
        0,
        -61.06984,
        61.06984,
        -235.06433,
        1
      ],
      "Children": [
        12
      ]
    },
    {
      "NameHash": "0x099e05dc",
      "Index": 12,
      "ParentIndex": 11,
      "Increment": 1,
      "Transform": {
        "Rotation": [
          0.9999997,
          0.0003005825,
          -0.0007009567,
          -0.00030058253,
          0.99999994,
          5.8194e-8,
          0.0007009567,
          1.5250134e-7,
          0.99999976
        ],
        "Translation": [
          202.60765,
          0.028202057,
          -0.06578333
        ],
        "Scale": [
          1,
          1,
          1
        ],
        "Skew": 0
      },
      "Matrix": [
        0.12197099,
        -0.12143891,
        -0.9850765,
        0,
        0.6965543,
        -0.69655436,
        0.17211682,
        0,
        -0.707061,
        -0.7071525,
        -0.0003706488,
        0,
        -36.434246,
        36.434246,
        -434.654,
        1
      ],
      "Children": null
    },
    {
      "NameHash": "0x487425f4",
      "Index": 13,
      "ParentIndex": 8,
      "Increment": 1,
      "Transform": {
        "Rotation": [
          0.085911795,
          0.000003448747,
          -0.9963028,
          0.9963028,
          -3.393754e-7,
          0.08591186,
          2.9540033e-8,
          -1.0000001,
          -0.0000035306355
        ],
        "Translation": [
          -109.43918,
          -6.0610906e-14,
          -223.03859
        ],
        "Scale": [
          1.0000001,
          1.0000001,
          1.0000001
        ],
        "Skew": 0
      },
      "Matrix": [
        0.0859118,
        0.0000034487475,
        -0.9963029,
        0,
        0.9963029,
        -3.3937542e-7,
        0.08591187,
        0,
        2.9540036e-8,
        -1.0000002,
        -0.000003530636,
        0,
        -109.43918,
        -6.0610906e-14,
        32.52356,
        1
      ],
      "Children": [
        14,
        15
      ]
    },
    {
      "NameHash": "0x699cb490",
      "Index": 14,
      "ParentIndex": 13,
      "Increment": 1,
      "Transform": {
        "Rotation": [
          1,
          0.0001520589,
          -0.00015250588,
          -0.0001520589,
          1,
          5.7875513e-9,
          0.00015250588,
          1.7402325e-8,
          1
        ],
        "Translation": [
          268.5808,
          -0.00088119507,
          0.00094651245
        ],
        "Scale": [
          1,
          1,
          1
        ],
        "Skew": 0
      },
      "Matrix": [
        0.0860632,
        0.00015608937,
        -0.9962897,
        0,
        0.99628973,
        -2.8544764e-7,
        0.08606323,
        0,
        0.000013178355,
        -1,
        -0.00015556157,
        0,
        -86.3658,
        -4.5701676e-14,
        -235.06433,
        1
      ],
      "Children": null
    },
    {
      "NameHash": "0xe72b9636",
      "Index": 15,
      "ParentIndex": 13,
      "Increment": 1,
      "Transform": {
        "Rotation": [
          0.99624765,
          0.086548276,
          0.00014558583,
          -0.086548276,
          0.99624765,
          -6.3922545e-7,
          -0.00014509486,
          -0.000011963376,
          1
        ],
        "Translation": [
          268.5808,
          -0.00088119507,
          0.00094651245
        ],
        "Scale": [
          1,
          1,
          1
        ],
        "Skew": 0
      },
      "Matrix": [
        0.17181772,
        -0.00014213135,
        -0.98512876,
        0,
        0.98512876,
        2.2580421e-7,
        0.1718177,
        0,
        -0.000024207246,
        -1,
        0.00014006406,
        0,
        -86.3658,
        -4.5701676e-14,
        -235.06433,
        1
      ],
      "Children": [
        16
      ]
    },
    {
      "NameHash": "0xba96a577",
      "Index": 16,
      "ParentIndex": 15,
      "Increment": 1,
      "Transform": {
        "Rotation": [
          0.9999999,
          0.0003005937,
          -0.00030050805,
          -0.00030059367,
          0.99999994,
          1.9381505e-7,
          0.00030050808,
          -1.0348422e-7,
          0.99999994
        ],
        "Translation": [
          202.60767,
          0.028839111,
          -0.028787017
        ],
        "Scale": [
          1.0000002,
          1.0000002,
          1.0000001
        ],
        "Skew": 0
      },
      "Matrix": [
        0.17211373,
        0.0001583409,
        -0.9850774,
        0,
        0.9850774,
        -2.9963658e-8,
        0.17211384,
        0,
        0.000027313385,
        -1.0000002,
        -0.00015605897,
        0,
        -51.525806,
        -5.986758e-13,
        -434.654,
        1
      ],
      "Children": null
    },
    {
      "NameHash": "0x39cabbde",
      "Index": 17,
      "ParentIndex": 8,
      "Increment": 1,
      "Transform": {
        "Rotation": [
          0.06074519,
          0.060744427,
          -0.9963034,
          0.7044929,
          0.7044927,
          0.08590623,
          0.70710677,
          -0.70710695,
          4.9059344e-7
        ],
        "Translation": [
          -77.385185,
          -77.385185,
          -223.03859
        ],
        "Scale": [
          1.0000004,
          1.0000002,
          1.0000004
        ],
        "Skew": 0
      },
      "Matrix": [
        0.060745213,
        0.06074445,
        -0.99630374,
        0,
        0.7044931,
        0.70449287,
        0.08590625,
        0,
        0.707107,
        -0.7071072,
        4.905936e-7,
        0,
        -77.385185,
        -77.385185,
        32.52356,
        1
      ],
      "Children": [
        18,
        19
      ]
    },
    {
      "NameHash": "0xe2c0634e",
      "Index": 18,
      "ParentIndex": 17,
      "Increment": 1,
      "Transform": {
        "Rotation": [
          1,
          0.00015208314,
          -0.00006283797,
          -0.00015208314,
          1,
          -3.422829e-9,
          0.00006283797,
          1.2979425e-8,
          1
        ],
        "Translation": [
          268.5808,
          0.00062561035,
          -0.00019645196
        ],
        "Scale": [
          0.9999999,
          0.9999999,
          0.9999999
        ],
        "Skew": 0
      },
      "Matrix": [
        0.060808145,
        0.060895965,
        -0.99629,
        0,
        0.70448345,
        0.70448345,
        0.08605779,
        0,
        0.70711046,
        -0.70710295,
        -0.00006186387,
        0,
        -61.06984,
        -61.06984,
        -235.06433,
        1
      ],
      "Children": null
    },
    {
      "NameHash": "0xab78a7c7",
      "Index": 19,
      "ParentIndex": 17,
      "Increment": 1,
      "Transform": {
        "Rotation": [
          0.99624693,
          0.086556815,
          0.00005738822,
          -0.086556815,
          0.99624693,
          5.1081614e-8,
          -0.000057168418,
          -0.0000050182316,
          1
        ],
        "Translation": [
          268.5808,
          0.00062561035,
          -0.00019645196
        ],
        "Scale": [
          1,
          1,
          1
        ],
        "Skew": 0
      },
      "Matrix": [
        0.121536545,
        0.12145446,
        -0.9851283,
        0,
        0.6965909,
        0.69659084,
        0.17182063,
        0,
        0.7070998,
        -0.70711386,
        0.00005716421,
        0,
        -61.06984,
        -61.06984,
        -235.06433,
        1
      ],
      "Children": [
        20
      ]
    },
    {
      "NameHash": "0x207132ad",
      "Index": 20,
      "ParentIndex": 19,
      "Increment": 1,
      "Transform": {
        "Rotation": [
          0.99999994,
          0.00030061975,
          -0.00012518649,
          -0.00030061975,
          0.99999994,
          2.5283272e-8,
          0.00012518649,
          1.2350259e-8,
          1
        ],
        "Translation": [
          202.60765,
          0.028242111,
          -0.011772189
        ],
        "Scale": [
          1.0000004,
          1.0000002,
          1.0000004
        ],
        "Skew": 0
      },
      "Matrix": [
        0.1216576,
        0.121752396,
        -0.985077,
        0,
        0.6965546,
        0.6965544,
        0.17211694,
        0,
        0.70711523,
        -0.70709896,
        -0.000066066874,
        0,
        -36.434246,
        -36.434246,
        -434.654,
        1
      ],
      "Children": null
    },
    {
      "NameHash": "0x405ae9e2",
      "Index": 21,
      "ParentIndex": 8,
      "Increment": 1,
      "Transform": {
        "Rotation": [
          1.2053731e-8,
          0.08589879,
          -0.9963039,
          1.6397728e-9,
          0.99630386,
          0.08589879,
          1.0000001,
          -8.8871985e-9,
          1.16007675e-8
        ],
        "Translation": [
          4.7208473e-14,
          -109.43918,
          -223.03859
        ],
        "Scale": [
          1.0000002,
          0.99999964,
          1.0000002
        ],
        "Skew": 0
      },
      "Matrix": [
        1.2053734e-8,
        0.08589881,
        -0.99630415,
        0,
        1.6397722e-9,
        0.9963035,
        0.08589876,
        0,
        1.0000004,
        -8.8872e-9,
        1.160077e-8,
        0,
        4.7208473e-14,
        -109.43918,
        32.52356,
        1
      ],
      "Children": [
        22,
        23
      ]
    },
    {
      "NameHash": "0xadd47ae0",
      "Index": 22,
      "ParentIndex": 21,
      "Increment": 1,
      "Transform": {
        "Rotation": [
          1,
          0.00015201047,
          -1.1949444e-7,
          -0.00015201047,
          1,
          -9.794121e-9,
          1.1949297e-7,
          9.812286e-9,
          1
        ],
        "Translation": [
          268.5808,
          0.002626419,
          0.000011721091
        ],
        "Scale": [
          1,
          0.99999994,
          1
        ],
        "Skew": 0
      },
      "Matrix": [
        -1.2280303e-7,
        0.086050235,
        -0.99629086,
        0,
        -9.528557e-9,
        0.99629074,
        0.08605023,
        0,
        1,
        1.6788785e-8,
        -1.2166862e-7,
        0,
        5.1446986e-14,
        -86.3658,
        -235.06433,
        1
      ],
      "Children": null
    },
    {
      "NameHash": "0xcedd5c27",
      "Index": 23,
      "ParentIndex": 21,
      "Increment": 1,
      "Transform": {
        "Rotation": [
          0.99622047,
          0.08686077,
          2.2694314e-10,
          -0.08686077,
          0.99622047,
          -9.486162e-9,
          -1.0500607e-9,
          9.430597e-9,
          1
        ],
        "Translation": [
          268.5808,
          0.002626419,
          0.000011721091
        ],
        "Scale": [
          1.0000004,
          1,
          1.0000002
        ],
        "Skew": 0
      },
      "Matrix": [
        -6.99981e-8,
        0.17211391,
        -0.9850775,
        0,
        -5.2486646e-9,
        0.9850771,
        0.17211385,
        0,
        1.0000004,
        5.248666e-9,
        -6.908793e-8,
        0,
        5.1446986e-14,
        -86.3658,
        -235.06433,
        1
      ],
      "Children": [
        24
      ]
    },
    {
      "NameHash": "0xc767abac",
      "Index": 24,
      "ParentIndex": 23,
      "Increment": 1,
      "Transform": {
        "Rotation": [
          1,
          0.000013135374,
          -3.702725e-9,
          -0.000013135374,
          1,
          -2.958022e-8,
          3.7023364e-9,
          2.9580269e-8,
          1
        ],
        "Translation": [
          202.60765,
          -0.032058716,
          0.0000089484665
        ],
        "Scale": [
          1,
          1,
          1
        ],
        "Skew": 0
      },
      "Matrix": [
        -2.8398688e-8,
        0.17212678,
        -0.9850748,
        0,
        -4.1989292e-8,
        0.9850748,
        0.17212678,
        0,
        1,
        4.1989292e-8,
        -2.1116865e-8,
        0,
        5.852766e-13,
        -51.525806,
        -434.654,
        1
      ],
      "Children": null
    },
    {
      "NameHash": "0xf4fd8475",
      "Index": 25,
      "ParentIndex": 8,
      "Increment": 1,
      "Transform": {
        "Rotation": [
          -0.060745552,
          0.06074433,
          -0.9963032,
          -0.70449275,
          0.7044928,
          0.08590632,
          0.70710677,
          0.70710677,
          -8.665313e-7
        ],
        "Translation": [
          77.385185,
          -77.385185,
          -223.03859
        ],
        "Scale": [
          0.99999994,
          0.9999999,
          0.9999999
        ],
        "Skew": 0
      },
      "Matrix": [
        -0.06074555,
        0.060744327,
        -0.99630314,
        0,
        -0.7044927,
        0.70449275,
        0.08590631,
        0,
        0.7071067,
        0.7071067,
        -8.665312e-7,
        0,
        77.385185,
        -77.385185,
        32.52356,
        1
      ],
      "Children": [
        26,
        27
      ]
    },
    {
      "NameHash": "0xf2613504",
      "Index": 26,
      "ParentIndex": 25,
      "Increment": 1,
      "Transform": {
        "Rotation": [
          1,
          0.0001519956,
          0.00006306107,
          -0.0001519956,
          1,
          8.529481e-9,
          -0.00006306107,
          -1.8114486e-8,
          1
        ],
        "Translation": [
          268.5808,
          0.0005760193,
          0.000245179
        ],
        "Scale": [
          1,
          0.99999994,
          1
        ],
        "Skew": 0
      },
      "Matrix": [
        -0.060808085,
        0.060895987,
        -0.9962902,
        0,
        -0.70448345,
        0.7044835,
        0.086057745,
        0,
        0.70711064,
        0.70710295,
        0.000061911815,
        0,
        61.06984,
        -61.06984,
        -235.06433,
        1
      ],
      "Children": null
    },
    {
      "NameHash": "0xe7d25571",
      "Index": 27,
      "ParentIndex": 25,
      "Increment": 1,
      "Transform": {
        "Rotation": [
          0.99624693,
          0.08655671,
          -0.000057296933,
          -0.08655671,
          0.99624693,
          -1.12170746e-7,
          0.000057072182,
          0.0000050711833,
          1
        ],
        "Translation": [
          268.5808,
          0.0005760193,
          0.000245179
        ],
        "Scale": [
          1.0000001,
          1,
          1.0000001
        ],
        "Skew": 0
      },
      "Matrix": [
        -0.12153683,
        0.12145441,
        -0.9851284,
        0,
        -0.6965909,
        0.69659084,
        0.1718207,
        0,
        0.70709985,
        0.7071139,
        -0.000057436904,
        0,
        61.06984,
        -61.06984,
        -235.06433,
        1
      ],
      "Children": [
        28
      ]
    },
    {
      "NameHash": "0x90ff951c",
      "Index": 28,
      "ParentIndex": 27,
      "Increment": 1,
      "Transform": {
        "Rotation": [
          0.99999994,
          0.00030063835,
          0.00012494423,
          -0.00030063835,
          0.99999994,
          -5.0968048e-9,
          -0.00012494423,
          -3.246622e-8,
          1
        ],
        "Translation": [
          202.60767,
          0.028240204,
          0.01179007
        ],
        "Scale": [
          1,
          1,
          1
        ],
        "Skew": 0
      },
      "Matrix": [
        -0.121657886,
        0.12175213,
        -0.98507655,
        0,
        -0.6965543,
        0.6965543,
        0.17211686,
        0,
        0.70711493,
        0.70709866,
        0.000065638465,
        0,
        36.434246,
        -36.434246,
        -434.654,
        1
      ],
      "Children": null
    },
    {
      "NameHash": "0x9790f5cf",
      "Index": 29,
      "ParentIndex": 8,
      "Increment": 1,
      "Transform": {
        "Rotation": [
          -0.08591194,
          0.000003842226,
          -0.9963028,
          -0.9963028,
          -1.7866678e-7,
          0.08591189,
          1.9507173e-7,
          1,
          0.0000037965185
        ],
        "Translation": [
          109.43918,
          6.0610906e-14,
          -223.03859
        ],
        "Scale": [
          0.99999994,
          0.99999994,
          1
        ],
        "Skew": 0
      },
      "Matrix": [
        -0.08591193,
        0.0000038422254,
        -0.9963027,
        0,
        -0.9963027,
        -1.7866677e-7,
        0.085911885,
        0,
        1.9507173e-7,
        1,
        0.0000037965185,
        0,
        109.43918,
        6.0610906e-14,
        32.52356,
        1
      ],
      "Children": [
        30,
        31
      ]
    },
    {
      "NameHash": "0x83165189",
      "Index": 30,
      "ParentIndex": 29,
      "Increment": 1,
      "Transform": {
        "Rotation": [
          1,
          0.00015200676,
          0.00015226437,
          -0.00015200676,
          1,
          -5.1562605e-8,
          -0.00015226437,
          2.8417391e-8,
          1
        ],
        "Translation": [
          268.5808,
          -0.0009059906,
          -0.0010225535
        ],
        "Scale": [
          1,
          1,
          1
        ],
        "Skew": 0
      },
      "Matrix": [
        -0.08606325,
        0.00015608937,
        -0.9962897,
        0,
        -0.99628973,
        -2.8544764e-7,
        0.08606323,
        0,
        0.000013178355,
        1,
        0.00015550297,
        0,
        86.3658,
        1.5939748e-13,
        -235.06433,
        1
      ],
      "Children": null
    },
    {
      "NameHash": "0xf1eb1ad8",
      "Index": 31,
      "ParentIndex": 29,
      "Increment": 1,
      "Transform": {
        "Rotation": [
          0.99624765,
          0.086548164,
          -0.00014571112,
          -0.086548164,
          0.99624765,
          3.5042532e-7,
          0.00014519469,
          0.0000122619185,
          1
        ],
        "Translation": [
          268.5808,
          -0.0009059906,
          -0.0010225535
        ],
        "Scale": [
          1,
          1,
          1
        ],
        "Skew": 0
      },
      "Matrix": [
        -0.1718177,
        -0.00014204343,
        -0.98512876,
        0,
        -0.98512876,
        -1.4076474e-7,
        0.1718177,
        0,
        -0.000024553261,
        1,
        -0.00013989616,
        0,
        86.3658,
        1.5939748e-13,
        -235.06433,
        1
      ],
      "Children": [
        32
      ]
    },
    {
      "NameHash": "0x332146a5",
      "Index": 32,
      "ParentIndex": 31,
      "Increment": 1,
      "Transform": {
        "Rotation": [
          0.9999999,
          0.0003006756,
          0.00030027123,
          -0.00030067566,
          0.99999994,
          7.455375e-8,
          -0.00030027117,
          -1.6483799e-7,
          0.99999994
        ],
        "Translation": [
          202.60765,
          0.028862,
          0.028756836
        ],
        "Scale": [
          1,
          1,
          1
        ],
        "Skew": 0
      },
      "Matrix": [
        -0.17211388,
        0.0001583086,
        -0.98507714,
        0,
        -0.98507714,
        -2.996365e-8,
        0.1721138,
        0,
        0.000027281118,
        1,
        0.00015587572,
        0,
        51.525806,
        5.0284494e-13,
        -434.654,
        1
      ],
      "Children": null
    },
    {
      "NameHash": "0x4821bd62",
      "Index": 33,
      "ParentIndex": 8,
      "Increment": 1,
      "Transform": {
        "Rotation": [
          -0.060740832,
          -0.060749263,
          -0.99630326,
          -0.7044929,
          -0.70449275,
          0.085906416,
          -0.70710707,
          0.7071066,
          -0.000006078822
        ],
        "Translation": [
          77.385185,
          77.385185,
          -223.03859
        ],
        "Scale": [
          1.0000001,
          1.0000002,
          1.0000001
        ],
        "Skew": 0
      },
      "Matrix": [
        -0.06074084,
        -0.06074927,
        -0.9963034,
        0,
        -0.7044931,
        -0.7044929,
        0.08590644,
        0,
        -0.7071071,
        0.70710665,
        -0.000006078823,
        0,
        77.385185,
        77.385185,
        32.52356,
        1
      ],
      "Children": [
        34,
        35
      ]
    },
    {
      "NameHash": "0x56938577",
      "Index": 34,
      "ParentIndex": 33,
      "Increment": 1,
      "Transform": {
        "Rotation": [
          0.99999994,
          0.00015187083,
          0.00036469928,
          -0.00015187083,
          1,
          -3.4662342e-8,
          -0.00036469928,
          -2.0724842e-8,
          0.99999994
        ],
        "Translation": [
          268.58072,
          0.00053977966,
          0.0016360519
        ],
        "Scale": [
          1.0000005,
          1.0000006,
          1.0000006
        ],
        "Skew": 0
      },
      "Matrix": [
        -0.061105732,
        -0.060598407,
        -0.9962907,
        0,
        -0.704484,
        -0.70448416,
        0.08605776,
        0,
        -0.70708543,
        0.70712906,
        0.00035722245,
        0,
        61.06984,
        61.06984,
        -235.06433,
        1
      ],
      "Children": null
    },
    {
      "NameHash": "0x0ae01422",
      "Index": 35,
      "ParentIndex": 33,
      "Increment": 1,
      "Transform": {
        "Rotation": [
          0.9962469,
          0.086556606,
          -0.00031866203,
          -0.08655661,
          0.99624693,
          -5.4182743e-7,
          0.00031741918,
          0.0000281221,
          0.99999994
        ],
        "Translation": [
          268.58072,
          0.00053977966,
          0.0016360519
        ],
        "Scale": [
          0.9999997,
          0.99999964,
          0.9999997
        ],
        "Skew": 0
      },
      "Matrix": [
        -0.12126575,
        -0.121725164,
        -0.98512787,
        0,
        -0.6965905,
        -0.69659066,
        0.17182055,
        0,
        -0.70714605,
        0.7070669,
        -0.0003199201,
        0,
        61.06984,
        61.06984,
        -235.06433,
        1
      ],
      "Children": [
        36
      ]
    },
    {
      "NameHash": "0x5cb85700",
      "Index": 36,
      "ParentIndex": 35,
      "Increment": 1,
      "Transform": {
        "Rotation": [
          0.9999997,
          0.00030069426,
          0.000700864,
          -0.0003006943,
          0.99999994,
          -8.285926e-8,
          -0.000700864,
          -1.2788657e-7,
          0.99999976
        ],
        "Translation": [
          202.60765,
          0.028259277,
          0.065776214
        ],
        "Scale": [
          1.0000002,
          1.0000002,
          1.0000001
        ],
        "Skew": 0
      },
      "Matrix": [
        -0.121970996,
        -0.121439114,
        -0.9850768,
        0,
        -0.6965546,
        -0.69655454,
        0.1721169,
        0,
        -0.707061,
        0.70715266,
        0.00037035602,
        0,
        36.434246,
        36.434246,
        -434.654,
        1
      ],
      "Children": null
    },
    {
      "NameHash": "0x1e53ede1",
      "Index": 37,
      "ParentIndex": 8,
      "Increment": 1,
      "Transform": {
        "Rotation": [
          1.0506597e-7,
          -0.0858982,
          -0.99630386,
          -0.0000023416032,
          -0.99630386,
          0.0858982,
          -0.99999994,
          0.0000023271084,
          -2.3179712e-7
        ],
        "Translation": [
          -6.0610906e-14,
          109.43918,
          -223.03859
        ],
        "Scale": [
          0.99999964,
          0.99999964,
          0.9999997
        ],
        "Skew": 0
      },
      "Matrix": [
        1.05065936e-7,
        -0.08589817,
        -0.9963035,
        0,
        -0.0000023416023,
        -0.9963035,
        0.08589817,
        0,
        -0.99999964,
        0.0000023271077,
        -2.3179705e-7,
        0,
        -6.0610906e-14,
        109.43918,
        32.52356,
        1
      ],
      "Children": [
        38,
        39
      ]
    },
    {
      "NameHash": "0x6139a1aa",
      "Index": 38,
      "ParentIndex": 37,
      "Increment": 1,
      "Transform": {
        "Rotation": [
          1,
          0.00015200675,
          7.3115196e-8,
          -0.00015200675,
          1,
          8.053775e-9,
          -7.311397e-8,
          -8.06489e-9,
          1
        ],
        "Translation": [
          268.5808,
          0.002626419,
          -0.000016716574
        ],
        "Scale": [
          1.0000002,
          1.0000006,
          1.0000002
        ],
        "Skew": 0
      },
      "Matrix": [
        -3.6633287e-7,
        -0.08604967,
        -0.99629116,
        0,
        -0.00000234288,
        -0.99629164,
        0.0860497,
        0,
        -1.0000004,
        0.0000023573994,
        -2.9470796e-8,
        0,
        -6.104098e-14,
        86.3658,
        -235.06433,
        1
      ],
      "Children": null
    },
    {
      "NameHash": "0xe2a183c0",
      "Index": 39,
      "ParentIndex": 37,
      "Increment": 1,
      "Transform": {
        "Rotation": [
          0.99622047,
          0.08686075,
          3.5496406e-8,
          -0.08686075,
          0.99622047,
          -0.0000015650793,
          -1.7130621e-7,
          0.0000015560807,
          1
        ],
        "Translation": [
          268.5808,
          0.002626419,
          -0.000016716574
        ],
        "Scale": [
          1.0000006,
          1.0000006,
          1.0000006
        ],
        "Skew": 0
      },
      "Matrix": [
        -3.2078023e-7,
        -0.17211413,
        -0.98507774,
        0,
        -7.6224023e-7,
        -0.9850778,
        0.17211413,
        0,
        -1.0000007,
        7.913654e-7,
        1.5134502e-8,
        0,
        -6.104098e-14,
        86.3658,
        -235.06433,
        1
      ],
      "Children": [
        40
      ]
    },
    {
      "NameHash": "0x22778a1e",
      "Index": 40,
      "ParentIndex": 39,
      "Increment": 1,
      "Transform": {
        "Rotation": [
          1,
          0.000013150277,
          -9.994607e-8,
          -0.000013150277,
          1,
          -1.5716182e-7,
          9.994401e-8,
          1.5716313e-7,
          1
        ],
        "Translation": [
          202.60762,
          -0.032066345,
          -0.00005774078
        ],
        "Scale": [
          1,
          1,
          1
        ],
        "Skew": 0
      },
      "Matrix": [
        -2.5734127e-7,
        -0.17212692,
        -0.9850748,
        0,
        -6.047784e-7,
        -0.9850749,
        0.17212692,
        0,
        -1,
        6.339057e-7,
        7.8573066e-8,
        0,
        -5.026131e-13,
        51.525806,
        -434.654,
        1
      ],
      "Children": null
    },
    {
      "NameHash": "0xa3d491d1",
      "Index": 41,
      "ParentIndex": 2,
      "Increment": 1,
      "Transform": {
        "Rotation": [
          1,
          0,
          0,
          0,
          1,
          0,
          0,
          0,
          1
        ],
        "Translation": [
          0,
          0,
          0
        ],
        "Scale": [
          1,
          1,
          1
        ],
        "Skew": 0
      },
      "Matrix": [
        1,
        0,
        0,
        0,
        0,
        1,
        0,
        0,
        0,
        0,
        1,
        0,
        0,
        0,
        0,
        1
      ],
      "Children": [
        42,
        43,
        44,
        45,
        46,
        47,
        48,
        49,
        50,
        51,
        52,
        53,
        54,
        55,
        56,
        57,
        58,
        59,
        60,
        61,
        62,
        63,
        64,
        65,
        66,
        67,
        68
      ]
    },
    {
      "NameHash": "0xa4057723",
      "Index": 42,
      "ParentIndex": 41,
      "Increment": 1,
      "Transform": {
        "Rotation": [
          0.70710677,
          -0.7071068,
          -0,
          0.7071068,
          0.70710677,
          0,
          0,
          -0,
          1
        ],
        "Translation": [
          0,
          0,
          0
        ],
        "Scale": [
          0.99999994,
          0.99999994,
          1
        ],
        "Skew": 0
      },
      "Matrix": [
        0.7071067,
        -0.70710677,
        -0,
        0,
        0.70710677,
        0.7071067,
        0,
        0,
        0,
        -0,
        1,
        0,
        0,
        0,
        0,
        1
      ],
      "Children": null
    },
    {
      "NameHash": "0x8df7b652",
      "Index": 43,
      "ParentIndex": 41,
      "Increment": 1,
      "Transform": {
        "Rotation": [
          3.4228542e-8,
          -0.99999994,
          -0,
          0.99999994,
          3.4228542e-8,
          0,
          0,
          -0,
          1
        ],
        "Translation": [
          0,
          0,
          0
        ],
        "Scale": [
          0.9999997,
          0.9999997,
          1
        ],
        "Skew": 0
      },
      "Matrix": [
        3.422853e-8,
        -0.99999964,
        -0,
        0,
        0.99999964,
        3.422853e-8,
        0,
        0,
        0,
        -0,
        1,
        0,
        0,
        0,
        0,
        1
      ],
      "Children": null
    },
    {
      "NameHash": "0x29d51eb0",
      "Index": 44,
      "ParentIndex": 41,
      "Increment": 1,
      "Transform": {
        "Rotation": [
          -0.7071069,
          -0.7071067,
          0,
          0.7071067,
          -0.7071069,
          0,
          0,
          0,
          1
        ],
        "Translation": [
          0,
          0,
          0
        ],
        "Scale": [
          0.99999994,
          0.99999994,
          1
        ],
        "Skew": 0
      },
      "Matrix": [
        -0.7071068,
        -0.70710665,
        0,
        0,
        0.70710665,
        -0.7071068,
        0,
        0,
        0,
        0,
        1,
        0,
        0,
        0,
        0,
        1
      ],
      "Children": null
    },
    {
      "NameHash": "0x86b4a9f4",
      "Index": 45,
      "ParentIndex": 41,
      "Increment": 1,
      "Transform": {
        "Rotation": [
          -1,
          0,
          0,
          0,
          -1,
          0,
          0,
          0,
          1
        ],
        "Translation": [
          0,
          0,
          0
        ],
        "Scale": [
          1,
          1,
          1
        ],
        "Skew": 0
      },
      "Matrix": [
        -1,
        0,
        0,
        0,
        0,
        -1,
        0,
        0,
        0,
        0,
        1,
        0,
        0,
        0,
        0,
        1
      ],
      "Children": null
    },
    {
      "NameHash": "0x804216ff",
      "Index": 46,
      "ParentIndex": 41,
      "Increment": 1,
      "Transform": {
        "Rotation": [
          -0.7071069,
          0.7071067,
          0,
          -0.7071067,
          -0.7071069,
          0,
          0,
          0,
          1
        ],
        "Translation": [
          0,
          0,
          0
        ],
        "Scale": [
          0.99999994,
          0.99999994,
          1
        ],
        "Skew": 0
      },
      "Matrix": [
        -0.7071068,
        0.70710665,
        0,
        0,
        -0.70710665,
        -0.7071068,
        0,
        0,
        0,
        0,
        1,
        0,
        0,
        0,
        0,
        1
      ],
      "Children": null
    },
    {
      "NameHash": "0x009ab257",
      "Index": 47,
      "ParentIndex": 41,
      "Increment": 1,
      "Transform": {
        "Rotation": [
          3.4228542e-8,
          0.99999994,
          0,
          -0.99999994,
          3.4228542e-8,
          0,
          0,
          0,
          1
        ],
        "Translation": [
          0,
          0,
          0
        ],
        "Scale": [
          0.9999997,
          0.9999997,
          1
        ],
        "Skew": 0
      },
      "Matrix": [
        3.422853e-8,
        0.99999964,
        0,
        0,
        -0.99999964,
        3.422853e-8,
        0,
        0,
        0,
        0,
        1,
        0,
        0,
        0,
        0,
        1
      ],
      "Children": null
    },
    {
      "NameHash": "0xf028b3b6",
      "Index": 48,
      "ParentIndex": 41,
      "Increment": 1,
      "Transform": {
        "Rotation": [
          0.70710677,
          0.7071068,
          0,
          -0.7071068,
          0.70710677,
          0,
          0,
          0,
          1
        ],
        "Translation": [
          0,
          0,
          0
        ],
        "Scale": [
          0.99999994,
          0.99999994,
          1
        ],
        "Skew": 0
      },
      "Matrix": [
        0.7071067,
        0.70710677,
        0,
        0,
        -0.70710677,
        0.7071067,
        0,
        0,
        0,
        0,
        1,
        0,
        0,
        0,
        0,
        1
      ],
      "Children": null
    },
    {
      "NameHash": "0xc8ea14bd",
      "Index": 49,
      "ParentIndex": 41,
      "Increment": 1,
      "Transform": {
        "Rotation": [
          1,
          0,
          0,
          0,
          1,
          0,
          0,
          0,
          1
        ],
        "Translation": [
          0,
          0,
          0
        ],
        "Scale": [
          1,
          1,
          1
        ],
        "Skew": 0
      },
      "Matrix": [
        1,
        0,
        0,
        0,
        0,
        1,
        0,
        0,
        0,
        0,
        1,
        0,
        0,
        0,
        0,
        1
      ],
      "Children": null
    },
    {
      "NameHash": "0x19712746",
      "Index": 50,
      "ParentIndex": 41,
      "Increment": 1,
      "Transform": {
        "Rotation": [
          1,
          0,
          0,
          0,
          1,
          0,
          0,
          0,
          1
        ],
        "Translation": [
          0,
          61.71736,
          -334.72266
        ],
        "Scale": [
          1,
          1,
          1
        ],
        "Skew": 0
      },
      "Matrix": [
        1,
        0,
        0,
        0,
        0,
        1,
        0,
        0,
        0,
        0,
        1,
        0,
        0,
        61.71736,
        -334.72266,
        1
      ],
      "Children": null
    },
    {
      "NameHash": "0x920db921",
      "Index": 51,
      "ParentIndex": 41,
      "Increment": 1,
      "Transform": {
        "Rotation": [
          1,
          0,
          0,
          0,
          1,
          0,
          0,
          0,
          1
        ],
        "Translation": [
          0,
          104.115685,
          -86.84984
        ],
        "Scale": [
          1,
          1,
          1
        ],
        "Skew": 0
      },
      "Matrix": [
        1,
        0,
        0,
        0,
        0,
        1,
        0,
        0,
        0,
        0,
        1,
        0,
        0,
        104.115685,
        -86.84984,
        1
      ],
      "Children": null
    },
    {
      "NameHash": "0x8eb5b2c7",
      "Index": 52,
      "ParentIndex": 41,
      "Increment": 1,
      "Transform": {
        "Rotation": [
          1,
          0,
          0,
          0,
          1,
          0,
          0,
          0,
          1
        ],
        "Translation": [
          73.6209,
          73.6209,
          -86.84984
        ],
        "Scale": [
          1,
          1,
          1
        ],
        "Skew": 0
      },
      "Matrix": [
        1,
        0,
        0,
        0,
        0,
        1,
        0,
        0,
        0,
        0,
        1,
        0,
        73.6209,
        73.6209,
        -86.84984,
        1
      ],
      "Children": null
    },
    {
      "NameHash": "0x4cf65640",
      "Index": 53,
      "ParentIndex": 41,
      "Increment": 1,
      "Transform": {
        "Rotation": [
          1,
          0,
          0,
          0,
          1,
          0,
          0,
          0,
          1
        ],
        "Translation": [
          43.640766,
          43.640766,
          -334.72266
        ],
        "Scale": [
          1,
          1,
          1
        ],
        "Skew": 0
      },
      "Matrix": [
        1,
        0,
        0,
        0,
        0,
        1,
        0,
        0,
        0,
        0,
        1,
        0,
        43.640766,
        43.640766,
        -334.72266,
        1
      ],
      "Children": null
    },
    {
      "NameHash": "0x2c36274a",
      "Index": 54,
      "ParentIndex": 41,
      "Increment": 1,
      "Transform": {
        "Rotation": [
          1,
          0,
          0,
          0,
          1,
          0,
          0,
          0,
          1
        ],
        "Translation": [
          104.115685,
          0,
          -86.84984
        ],
        "Scale": [
          1,
          1,
          1
        ],
        "Skew": 0
      },
      "Matrix": [
        1,
        0,
        0,
        0,
        0,
        1,
        0,
        0,
        0,
        0,
        1,
        0,
        104.115685,
        0,
        -86.84984,
        1
      ],
      "Children": null
    },
    {
      "NameHash": "0xe3e01588",
      "Index": 55,
      "ParentIndex": 41,
      "Increment": 1,
      "Transform": {
        "Rotation": [
          1,
          0,
          0,
          0,
          1,
          0,
          0,
          0,
          1
        ],
        "Translation": [
          61.71736,
          0,
          -334.72266
        ],
        "Scale": [
          1,
          1,
          1
        ],
        "Skew": 0
      },
      "Matrix": [
        1,
        0,
        0,
        0,
        0,
        1,
        0,
        0,
        0,
        0,
        1,
        0,
        61.71736,
        0,
        -334.72266,
        1
      ],
      "Children": null
    },
    {
      "NameHash": "0x72f6f47f",
      "Index": 56,
      "ParentIndex": 41,
      "Increment": 1,
      "Transform": {
        "Rotation": [
          1,
          0,
          0,
          0,
          1,
          0,
          0,
          0,
          1
        ],
        "Translation": [
          73.6209,
          -73.6209,
          -86.84984
        ],
        "Scale": [
          1,
          1,
          1
        ],
        "Skew": 0
      },
      "Matrix": [
        1,
        0,
        0,
        0,
        0,
        1,
        0,
        0,
        0,
        0,
        1,
        0,
        73.6209,
        -73.6209,
        -86.84984,
        1
      ],
      "Children": null
    },
    {
      "NameHash": "0xba491c30",
      "Index": 57,
      "ParentIndex": 41,
      "Increment": 1,
      "Transform": {
        "Rotation": [
          1,
          0,
          0,
          0,
          1,
          0,
          0,
          0,
          1
        ],
        "Translation": [
          43.640766,
          -43.640766,
          -334.72266
        ],
        "Scale": [
          1,
          1,
          1
        ],
        "Skew": 0
      },
      "Matrix": [
        1,
        0,
        0,
        0,
        0,
        1,
        0,
        0,
        0,
        0,
        1,
        0,
        43.640766,
        -43.640766,
        -334.72266,
        1
      ],
      "Children": null
    },
    {
      "NameHash": "0x2e9f7c79",
      "Index": 58,
      "ParentIndex": 41,
      "Increment": 1,
      "Transform": {
        "Rotation": [
          1,
          0,
          0,
          0,
          1,
          0,
          0,
          0,
          1
        ],
        "Translation": [
          1.2750494e-14,
          -104.115685,
          -86.84984
        ],
        "Scale": [
          1,
          1,
          1
        ],
        "Skew": 0
      },
      "Matrix": [
        1,
        0,
        0,
        0,
        0,
        1,
        0,
        0,
        0,
        0,
        1,
        0,
        1.2750494e-14,
        -104.115685,
        -86.84984,
        1
      ],
      "Children": null
    },
    {
      "NameHash": "0x0218b1b3",
      "Index": 59,
      "ParentIndex": 41,
      "Increment": 1,
      "Transform": {
        "Rotation": [
          1,
          0,
          0,
          0,
          1,
          0,
          0,
          0,
          1
        ],
        "Translation": [
          7.558197e-15,
          -61.71736,
          -334.72266
        ],
        "Scale": [
          1,
          1,
          1
        ],
        "Skew": 0
      },
      "Matrix": [
        1,
        0,
        0,
        0,
        0,
        1,
        0,
        0,
        0,
        0,
        1,
        0,
        7.558197e-15,
        -61.71736,
        -334.72266,
        1
      ],
      "Children": null
    },
    {
      "NameHash": "0x82cc3c2f",
      "Index": 60,
      "ParentIndex": 41,
      "Increment": 1,
      "Transform": {
        "Rotation": [
          1,
          0,
          0,
          0,
          1,
          0,
          0,
          0,
          1
        ],
        "Translation": [
          -73.6209,
          -73.6209,
          -86.84984
        ],
        "Scale": [
          1,
          1,
          1
        ],
        "Skew": 0
      },
      "Matrix": [
        1,
        0,
        0,
        0,
        0,
        1,
        0,
        0,
        0,
        0,
        1,
        0,
        -73.6209,
        -73.6209,
        -86.84984,
        1
      ],
      "Children": null
    },
    {
      "NameHash": "0xb6989a90",
      "Index": 61,
      "ParentIndex": 41,
      "Increment": 1,
      "Transform": {
        "Rotation": [
          1,
          0,
          0,
          0,
          1,
          0,
          0,
          0,
          1
        ],
        "Translation": [
          -43.640766,
          -43.640766,
          -334.72266
        ],
        "Scale": [
          1,
          1,
          1
        ],
        "Skew": 0
      },
      "Matrix": [
        1,
        0,
        0,
        0,
        0,
        1,
        0,
        0,
        0,
        0,
        1,
        0,
        -43.640766,
        -43.640766,
        -334.72266,
        1
      ],
      "Children": null
    },
    {
      "NameHash": "0xf23ac754",
      "Index": 62,
      "ParentIndex": 41,
      "Increment": 1,
      "Transform": {
        "Rotation": [
          1,
          0,
          0,
          0,
          1,
          0,
          0,
          0,
          1
        ],
        "Translation": [
          -104.115685,
          0,
          -86.84984
        ],
        "Scale": [
          1,
          1,
          1
        ],
        "Skew": 0
      },
      "Matrix": [
        1,
        0,
        0,
        0,
        0,
        1,
        0,
        0,
        0,
        0,
        1,
        0,
        -104.115685,
        0,
        -86.84984,
        1
      ],
      "Children": null
    },
    {
      "NameHash": "0xdd871b33",
      "Index": 63,
      "ParentIndex": 41,
      "Increment": 1,
      "Transform": {
        "Rotation": [
          1,
          0,
          0,
          0,
          1,
          0,
          0,
          0,
          1
        ],
        "Translation": [
          -61.71736,
          0,
          -334.72266
        ],
        "Scale": [
          1,
          1,
          1
        ],
        "Skew": 0
      },
      "Matrix": [
        1,
        0,
        0,
        0,
        0,
        1,
        0,
        0,
        0,
        0,
        1,
        0,
        -61.71736,
        0,
        -334.72266,
        1
      ],
      "Children": null
    },
    {
      "NameHash": "0x81cc6d1e",
      "Index": 64,
      "ParentIndex": 41,
      "Increment": 1,
      "Transform": {
        "Rotation": [
          1,
          0,
          0,
          0,
          1,
          0,
          0,
          0,
          1
        ],
        "Translation": [
          -73.6209,
          73.6209,
          -86.84984
        ],
        "Scale": [
          1,
          1,
          1
        ],
        "Skew": 0
      },
      "Matrix": [
        1,
        0,
        0,
        0,
        0,
        1,
        0,
        0,
        0,
        0,
        1,
        0,
        -73.6209,
        73.6209,
        -86.84984,
        1
      ],
      "Children": null
    },
    {
      "NameHash": "0x1593e0f0",
      "Index": 65,
      "ParentIndex": 41,
      "Increment": 1,
      "Transform": {
        "Rotation": [
          1,
          0,
          0,
          0,
          1,
          0,
          0,
          0,
          1
        ],
        "Translation": [
          -43.640766,
          43.640766,
          -334.72266
        ],
        "Scale": [
          1,
          1,
          1
        ],
        "Skew": 0
      },
      "Matrix": [
        1,
        0,
        0,
        0,
        0,
        1,
        0,
        0,
        0,
        0,
        1,
        0,
        -43.640766,
        43.640766,
        -334.72266,
        1
      ],
      "Children": null
    },
    {
      "NameHash": "0x2dcab868",
      "Index": 66,
      "ParentIndex": 41,
      "Increment": 1,
      "Transform": {
        "Rotation": [
          1,
          0,
          0,
          0,
          1,
          0,
          0,
          0,
          1
        ],
        "Translation": [
          0,
          0,
          109.6677
        ],
        "Scale": [
          1,
          1,
          1
        ],
        "Skew": 0
      },
      "Matrix": [
        1,
        0,
        0,
        0,
        0,
        1,
        0,
        0,
        0,
        0,
        1,
        0,
        0,
        0,
        109.6677,
        1
      ],
      "Children": null
    },
    {
      "NameHash": "0xcaab5ca8",
      "Index": 67,
      "ParentIndex": 41,
      "Increment": 1,
      "Transform": {
        "Rotation": [
          1,
          0,
          0,
          0,
          1,
          0,
          0,
          0,
          1
        ],
        "Translation": [
          0,
          0,
          282.9377
        ],
        "Scale": [
          1,
          1,
          1
        ],
        "Skew": 0
      },
      "Matrix": [
        1,
        0,
        0,
        0,
        0,
        1,
        0,
        0,
        0,
        0,
        1,
        0,
        0,
        0,
        282.9377,
        1
      ],
      "Children": null
    },
    {
      "NameHash": "0x1f172459",
      "Index": 68,
      "ParentIndex": 41,
      "Increment": 1,
      "Transform": {
        "Rotation": [
          1,
          0,
          0,
          0,
          1,
          0,
          0,
          0,
          1
        ],
        "Translation": [
          4.3316066e-14,
          7.4573256e-12,
          306.36105
        ],
        "Scale": [
          1,
          1,
          1
        ],
        "Skew": 0
      },
      "Matrix": [
        1,
        0,
        0,
        0,
        0,
        1,
        0,
        0,
        0,
        0,
        1,
        0,
        4.3316066e-14,
        7.4573256e-12,
        306.36105,
        1
      ],
      "Children": null
    },
    {
      "NameHash": "0x315cd161",
      "Index": 69,
      "ParentIndex": 2,
      "Increment": 1,
      "Transform": {
        "Rotation": [
          1,
          0,
          0,
          0,
          1,
          0,
          0,
          0,
          1
        ],
        "Translation": [
          0,
          0,
          0
        ],
        "Scale": [
          1,
          1,
          1
        ],
        "Skew": 0
      },
      "Matrix": [
        1,
        0,
        0,
        0,
        0,
        1,
        0,
        0,
        0,
        0,
        1,
        0,
        0,
        0,
        0,
        1
      ],
      "Children": [
        70,
        71,
        72,
        73
      ]
    },
    {
      "NameHash": "0x19e91f9f",
      "Index": 70,
      "ParentIndex": 69,
      "Increment": 1,
      "Transform": {
        "Rotation": [
          1,
          0,
          0,
          0,
          1,
          0,
          0,
          0,
          1
        ],
        "Translation": [
          0,
          0,
          -1.6092987
        ],
        "Scale": [
          1,
          1,
          1
        ],
        "Skew": 0
      },
      "Matrix": [
        1,
        0,
        0,
        0,
        0,
        1,
        0,
        0,
        0,
        0,
        1,
        0,
        0,
        0,
        -1.6092987,
        1
      ],
      "Children": null
    },
    {
      "NameHash": "0x6d890ef6",
      "Index": 71,
      "ParentIndex": 69,
      "Increment": 1,
      "Transform": {
        "Rotation": [
          1,
          0,
          0,
          0,
          1,
          0,
          0,
          0,
          1
        ],
        "Translation": [
          0,
          0,
          -1.6092987
        ],
        "Scale": [
          1,
          1,
          1
        ],
        "Skew": 0
      },
      "Matrix": [
        1,
        0,
        0,
        0,
        0,
        1,
        0,
        0,
        0,
        0,
        1,
        0,
        0,
        0,
        -1.6092987,
        1
      ],
      "Children": null
    },
    {
      "NameHash": "0x6037a727",
      "Index": 72,
      "ParentIndex": 69,
      "Increment": 1,
      "Transform": {
        "Rotation": [
          1,
          0,
          0,
          0,
          1,
          0,
          0,
          0,
          1
        ],
        "Translation": [
          0,
          0,
          -1.6092987
        ],
        "Scale": [
          1,
          1,
          1
        ],
        "Skew": 0
      },
      "Matrix": [
        1,
        0,
        0,
        0,
        0,
        1,
        0,
        0,
        0,
        0,
        1,
        0,
        0,
        0,
        -1.6092987,
        1
      ],
      "Children": null
    },
    {
      "NameHash": "0x666c1d67",
      "Index": 73,
      "ParentIndex": 69,
      "Increment": 1,
      "Transform": {
        "Rotation": [
          1,
          0,
          0,
          0,
          1,
          0,
          0,
          0,
          1
        ],
        "Translation": [
          0,
          0,
          -1.6092987
        ],
        "Scale": [
          1,
          1,
          1
        ],
        "Skew": 0
      },
      "Matrix": [
        1,
        0,
        0,
        0,
        0,
        1,
        0,
        0,
        0,
        0,
        1,
        0,
        0,
        0,
        -1.6092987,
        1
      ],
      "Children": null
    },
    {
      "NameHash": "0xd3527f40",
      "Index": 74,
      "ParentIndex": 0,
      "Increment": 1,
      "Transform": {
        "Rotation": [
          1,
          0,
          0,
          0,
          1,
          0,
          0,
          0,
          1
        ],
        "Translation": [
          0,
          0,
          132.89291
        ],
        "Scale": [
          1,
          1,
          1
        ],
        "Skew": 0
      },
      "Matrix": [
        1,
        0,
        0,
        0,
        0,
        1,
        0,
        0,
        0,
        0,
        1,
        0,
        0,
        0,
        132.89291,
        1
      ],
      "Children": null
    },
    {
      "NameHash": "0xadec986b",
      "Index": 75,
      "ParentIndex": 0,
      "Increment": 1,
      "Transform": {
        "Rotation": [
          1,
          0,
          0,
          0,
          1,
          0,
          0,
          0,
          1
        ],
        "Translation": [
          2.0611877,
          -78.99478,
          149.94254
        ],
        "Scale": [
          1,
          1,
          1
        ],
        "Skew": 0
      },
      "Matrix": [
        1,
        0,
        0,
        0,
        0,
        1,
        0,
        0,
        0,
        0,
        1,
        0,
        2.0611877,
        -78.99478,
        149.94254,
        1
      ],
      "Children": null
    },
    {
      "NameHash": "0x02305f97",
      "Index": 76,
      "ParentIndex": 8,
      "Increment": 1,
      "Transform": {
        "Rotation": [
          1,
          0,
          0,
          0,
          1,
          0,
          0,
          0,
          1
        ],
        "Translation": [
          0,
          0,
          0
        ],
        "Scale": [
          1,
          1,
          1
        ],
        "Skew": 0
      },
      "Matrix": [
        1,
        0,
        0,
        0,
        0,
        1,
        0,
        0,
        0,
        0,
        1,
        0,
        0,
        0,
        255.56215,
        1
      ],
      "Children": null
    },
    {
      "NameHash": "0x45384295",
      "Index": 77,
      "ParentIndex": 7,
      "Increment": 1,
      "Transform": {
        "Rotation": [
          1,
          0,
          0,
          0,
          1,
          0,
          0,
          0,
          1
        ],
        "Translation": [
          0,
          0,
          0
        ],
        "Scale": [
          1,
          1,
          1
        ],
        "Skew": 0
      },
      "Matrix": [
        1,
        0,
        0,
        0,
        0,
        1,
        0,
        0,
        0,
        0,
        1,
        0,
        0,
        0,
        0,
        1
      ],
      "Children": null
    },
    {
      "NameHash": "0x04df0a8c",
      "Index": 78,
      "ParentIndex": 8,
      "Increment": 1,
      "Transform": {
        "Rotation": [
          -0.5077181,
          -0.37553474,
          -0.7753683,
          -0.70953244,
          0.6927479,
          0.1290891,
          0.4886573,
          0.6156898,
          -0.61817473
        ],
        "Translation": [
          142.99292,
          138.85306,
          -35.436386
        ],
        "Scale": [
          0.9999997,
          0.9999997,
          0.99999976
        ],
        "Skew": 0
      },
      "Matrix": [
        -0.5077179,
        -0.37553462,
        -0.77536803,
        0,
        -0.7095322,
        0.6927477,
        0.12908906,
        0,
        0.48865718,
        0.6156897,
        -0.6181746,
        0,
        142.99292,
        138.85306,
        220.12576,
        1
      ],
      "Children": null
    },
    {
      "NameHash": "0x038da774",
      "Index": 79,
      "ParentIndex": 0,
      "Increment": 1,
      "Transform": {
        "Rotation": [
          1,
          0,
          0,
          0,
          1,
          0,
          0,
          0,
          1
        ],
        "Translation": [
          0,
          0,
          -500
        ],
        "Scale": [
          1,
          1,
          1
        ],
        "Skew": 0
      },
      "Matrix": [
        1,
        0,
        0,
        0,
        0,
        1,
        0,
        0,
        0,
        0,
        1,
        0,
        0,
        0,
        -500,
        1
      ],
      "Children": null
    },
    {
      "NameHash": "0x6a3fa2d6",
      "Index": 80,
      "ParentIndex": 8,
      "Increment": 1,
      "Transform": {
        "Rotation": [
          1,
          0,
          0,
          0,
          1,
          0,
          0,
          0,
          1
        ],
        "Translation": [
          0,
          0,
          -255.56152
        ],
        "Scale": [
          1,
          1,
          1
        ],
        "Skew": 0
      },
      "Matrix": [
        1,
        0,
        0,
        0,
        0,
        1,
        0,
        0,
        0,
        0,
        1,
        0,
        0,
        0,
        0.00062561035,
        1
      ],
      "Children": null
    },
    {
      "NameHash": "0x8527d4d4",
      "Index": 81,
      "ParentIndex": 0,
      "Increment": 1,
      "Transform": {
        "Rotation": [
          1,
          0,
          0,
          0,
          1,
          0,
          0,
          0,
          1
        ],
        "Translation": [
          0,
          0,
          0
        ],
        "Scale": [
          1,
          1,
          1
        ],
        "Skew": 0
      },
      "Matrix": [
        1,
        0,
        0,
        0,
        0,
        1,
        0,
        0,
        0,
        0,
        1,
        0,
        0,
        0,
        0,
        1
      ],
      "Children": null
    },
    {
      "NameHash": "0xa6a9b691",
      "Index": 82,
      "ParentIndex": 8,
      "Increment": 1,
      "Transform": {
        "Rotation": [
          -0.30892766,
          -0.14127028,
          -0.940535,
          -0.921965,
          -0.19835183,
          0.33262113,
          -0.23354645,
          0.9698964,
          -0.06896975
        ],
        "Translation": [
          -2.7966309,
          132.90337,
          -77.9789
        ],
        "Scale": [
          0.9999991,
          0.99999917,
          0.99999917
        ],
        "Skew": 0
      },
      "Matrix": [
        -0.3089274,
        -0.14127016,
        -0.9405342,
        0,
        -0.9219642,
        -0.19835167,
        0.33262086,
        0,
        -0.23354626,
        0.96989554,
        -0.06896969,
        0,
        -2.7966309,
        132.90337,
        177.58325,
        1
      ],
      "Children": null
    },
    {
      "NameHash": "0x3397cf89",
      "Index": 83,
      "ParentIndex": 8,
      "Increment": 1,
      "Transform": {
        "Rotation": [
          -0.30913308,
          -0.14107074,
          -0.9404978,
          -0.93546,
          -0.13304892,
          0.32743382,
          -0.17132339,
          0.98101854,
          -0.0908364
        ],
        "Translation": [
          -8.091904,
          191.91864,
          -24.582077
        ],
        "Scale": [
          1.0000006,
          1.0000006,
          1.0000006
        ],
        "Skew": 0
      },
      "Matrix": [
        -0.30913326,
        -0.14107083,
        -0.94049835,
        0,
        -0.9354605,
        -0.133049,
        0.32743403,
        0,
        -0.1713235,
        0.98101914,
        -0.09083645,
        0,
        -8.091904,
        191.91864,
        230.98007,
        1
      ],
      "Children": null
    },
    {
      "NameHash": "0xba58d446",
      "Index": 84,
      "ParentIndex": 8,
      "Increment": 1,
      "Transform": {
        "Rotation": [
          -0.308842,
          -0.14123778,
          -0.9405682,
          -0.45223373,
          -0.8481673,
          0.2758567,
          -0.8367205,
          0.51055276,
          0.19807719
        ],
        "Translation": [
          -102.92618,
          73.177,
          -121.78313
        ],
        "Scale": [
          1,
          1,
          0.99999994
        ],
        "Skew": 0
      },
      "Matrix": [
        -0.308842,
        -0.14123778,
        -0.9405682,
        0,
        -0.45223373,
        -0.8481673,
        0.2758567,
        0,
        -0.83672047,
        0.5105527,
        0.19807717,
        0,
        -102.92618,
        73.177,
        133.77902,
        1
      ],
      "Children": null
    },
    {
      "NameHash": "0xf1d90716",
      "Index": 85,
      "ParentIndex": 8,
      "Increment": 1,
      "Transform": {
        "Rotation": [
          0.1640664,
          0.0071662245,
          -0.9864233,
          0.5071901,
          -0.85828626,
          0.07812286,
          -0.84607357,
          -0.5131214,
          -0.14445066
        ],
        "Translation": [
          -171.47714,
          -70.17691,
          -41.916306
        ],
        "Scale": [
          1.0000002,
          1.0000002,
          1.0000001
        ],
        "Skew": 0
      },
      "Matrix": [
        0.16406645,
        0.0071662264,
        -0.98642355,
        0,
        0.5071902,
        -0.85828644,
        0.07812288,
        0,
        -0.8460737,
        -0.5131215,
        -0.14445068,
        0,
        -171.47714,
        -70.17691,
        213.64584,
        1
      ],
      "Children": null
    },
    {
      "NameHash": "0x265a7bdf",
      "Index": 86,
      "ParentIndex": 8,
      "Increment": 1,
      "Transform": {
        "Rotation": [
          0.052358564,
          0.38058805,
          -0.92326134,
          0.95289063,
          0.2575522,
          0.16020754,
          0.29876116,
          -0.8881552,
          -0.34917378
        ],
        "Translation": [
          -22.11806,
          -195.10461,
          -16.887604
        ],
        "Scale": [
          1.0000005,
          1.0000004,
          1.0000005
        ],
        "Skew": 0
      },
      "Matrix": [
        0.05235859,
        0.38058823,
        -0.92326176,
        0,
        0.952891,
        0.2575523,
        0.1602076,
        0,
        0.2987613,
        -0.88815564,
        -0.34917396,
        0,
        -22.11806,
        -195.10461,
        238.67455,
        1
      ],
      "Children": null
    },
    {
      "NameHash": "0x5ddaaeae",
      "Index": 87,
      "ParentIndex": 8,
      "Increment": 1,
      "Transform": {
        "Rotation": [
          0.038937632,
          0.22161454,
          -0.9743567,
          0.19714333,
          0.95422643,
          0.22491431,
          0.9796012,
          -0.20084557,
          -0.0065345126
        ],
        "Translation": [
          137.90625,
          -7.1888866,
          -101.90555
        ],
        "Scale": [
          1,
          1,
          1
        ],
        "Skew": 0
      },
      "Matrix": [
        0.038937632,
        0.22161454,
        -0.9743567,
        0,
        0.19714333,
        0.95422643,
        0.22491431,
        0,
        0.9796012,
        -0.20084557,
        -0.0065345126,
        0,
        137.90625,
        -7.1888866,
        153.6566,
        1
      ],
      "Children": null
    },
    {
      "NameHash": "0x7e1e05cf",
      "Index": 88,
      "ParentIndex": 8,
      "Increment": 1,
      "Transform": {
        "Rotation": [
          -0.50766045,
          -0.3757004,
          -0.7753258,
          -0.75468004,
          0.6280355,
          0.1898144,
          0.41561875,
          0.68148416,
          -0.6023624
        ],
        "Translation": [
          106.74574,
          237.3508,
          6.7555695
        ],
        "Scale": [
          1,
          1,
          1
        ],
        "Skew": 0
      },
      "Matrix": [
        -0.50766045,
        -0.3757004,
        -0.7753258,
        0,
        -0.75468004,
        0.6280355,
        0.1898144,
        0,
        0.41561875,
        0.68148416,
        -0.6023624,
        0,
        106.74574,
        237.3508,
        262.31772,
        1
      ],
      "Children": null
    },
    {
      "NameHash": "0x50d7d29d",
      "Index": 89,
      "ParentIndex": 8,
      "Increment": 1,
      "Transform": {
        "Rotation": [
          0.047979288,
          -0.52278435,
          -0.85111374,
          -0.86617076,
          -0.44613084,
          0.2252013,
          -0.49743974,
          0.7264048,
          -0.4742256
        ],
        "Translation": [
          -107.3371,
          232.52213,
          2.689865
        ],
        "Scale": [
          1.0000001,
          1.0000001,
          1.0000001
        ],
        "Skew": 0
      },
      "Matrix": [
        0.047979295,
        -0.5227844,
        -0.85111386,
        0,
        -0.8661709,
        -0.4461309,
        0.22520132,
        0,
        -0.4974398,
        0.72640485,
        -0.47422567,
        0,
        -107.3371,
        232.52213,
        258.252,
        1
      ],
      "Children": null
    },
    {
      "NameHash": "0x1883e428",
      "Index": 90,
      "ParentIndex": 8,
      "Increment": 1,
      "Transform": {
        "Rotation": [
          -0.0019254943,
          -0.6363733,
          -0.7713789,
          -0.8071542,
          -0.4543866,
          0.37687528,
          -0.5903376,
          0.62334734,
          -0.51277643
        ],
        "Translation": [
          -153.74974,
          147.26416,
          -28.381027
        ],
        "Scale": [
          1,
          1,
          1
        ],
        "Skew": 0
      },
      "Matrix": [
        -0.0019254943,
        -0.6363733,
        -0.7713789,
        0,
        -0.8071542,
        -0.4543866,
        0.37687528,
        0,
        -0.5903376,
        0.62334734,
        -0.51277643,
        0,
        -153.74974,
        147.26416,
        227.18112,
        1
      ],
      "Children": null
    },
    {
      "NameHash": "0x0a386321",
      "Index": 91,
      "ParentIndex": 8,
      "Increment": 1,
      "Transform": {
        "Rotation": [
          0.10053155,
          -0.11927405,
          -0.98775864,
          0.06713878,
          -0.989712,
          0.12634313,
          -0.992666,
          -0.079018384,
          -0.09148937
        ],
        "Translation": [
          -383.38486,
          -0.93836975,
          21.644363
        ],
        "Scale": [
          1,
          1,
          1
        ],
        "Skew": 0
      },
      "Matrix": [
        0.10053155,
        -0.11927405,
        -0.98775864,
        0,
        0.06713878,
        -0.989712,
        0.12634313,
        0,
        -0.992666,
        -0.079018384,
        -0.09148937,
        0,
        -383.38486,
        -0.93836975,
        277.2065,
        1
      ],
      "Children": null
    },
    {
      "NameHash": "0x84858bc1",
      "Index": 92,
      "ParentIndex": 8,
      "Increment": 1,
      "Transform": {
        "Rotation": [
          0.25074258,
          0.1201369,
          -0.96057034,
          0.64419466,
          -0.76137656,
          0.072933435,
          -0.7225936,
          -0.63708174,
          -0.26830122
        ],
        "Translation": [
          -137.65866,
          -134.71927,
          -10.820602
        ],
        "Scale": [
          1.0000004,
          1.0000005,
          1.0000004
        ],
        "Skew": 0
      },
      "Matrix": [
        0.25074267,
        0.12013695,
        -0.9605707,
        0,
        0.64419496,
        -0.7613769,
        0.07293347,
        0,
        -0.72259384,
        -0.637082,
        -0.2683013,
        0,
        -137.65866,
        -134.71927,
        244.74155,
        1
      ],
      "Children": null
    },
    {
      "NameHash": "0x66c38941",
      "Index": 93,
      "ParentIndex": 8,
      "Increment": 1,
      "Transform": {
        "Rotation": [
          0.052358884,
          0.38059297,
          -0.92325926,
          0.9528871,
          0.25756165,
          0.16021326,
          0.2987723,
          -0.8881504,
          -0.34917653
        ],
        "Translation": [
          46.617493,
          -145.80627,
          -83.433014
        ],
        "Scale": [
          1.0000005,
          1.0000004,
          1.0000004
        ],
        "Skew": 0
      },
      "Matrix": [
        0.05235891,
        0.38059315,
        -0.9232597,
        0,
        0.9528875,
        0.25756174,
        0.16021332,
        0,
        0.29877242,
        -0.8881507,
        -0.34917665,
        0,
        46.617493,
        -145.80627,
        172.12914,
        1
      ],
      "Children": null
    },
    {
      "NameHash": "0xfcfb0f77",
      "Index": 94,
      "ParentIndex": 8,
      "Increment": 1,
      "Transform": {
        "Rotation": [
          0.34022024,
          0.5862654,
          -0.7352163,
          0.10316091,
          0.75386834,
          0.6488762,
          0.93467,
          -0.2966064,
          0.19600162
        ],
        "Translation": [
          350.5831,
          -159.09082,
          37.833633
        ],
        "Scale": [
          0.9999998,
          0.99999976,
          0.9999998
        ],
        "Skew": 0
      },
      "Matrix": [
        0.34022018,
        0.58626527,
        -0.7352162,
        0,
        0.10316089,
        0.75386816,
        0.648876,
        0,
        0.9346698,
        -0.29660633,
        0.19600159,
        0,
        350.5831,
        -159.09082,
        293.39578,
        1
      ],
      "Children": null
    },
    {
      "NameHash": "0xcfb4dc45",
      "Index": 95,
      "ParentIndex": 8,
      "Increment": 1,
      "Transform": {
        "Rotation": [
          -0.38769022,
          0.18565005,
          -0.90290123,
          -0.8091265,
          -0.5377899,
          0.23684724,
          -0.4416003,
          0.8223846,
          0.35871005
        ],
        "Translation": [
          -179.22717,
          342.34628,
          37.419937
        ],
        "Scale": [
          1.0000005,
          1.0000005,
          1.0000004
        ],
        "Skew": 0
      },
      "Matrix": [
        -0.3876904,
        0.18565014,
        -0.90290165,
        0,
        -0.80912685,
        -0.5377901,
        0.23684736,
        0,
        -0.44160044,
        0.8223849,
        0.35871017,
        0,
        -179.22717,
        342.34628,
        292.9821,
        1
      ],
      "Children": null
    },
    {
      "NameHash": "0xb1f2d9c6",
      "Index": 96,
      "ParentIndex": 8,
      "Increment": 1,
      "Transform": {
        "Rotation": [
          -0.6570637,
          0.50043344,
          -0.56376725,
          -0.7357673,
          -0.58849174,
          0.33514732,
          -0.16405348,
          0.6350147,
          0.7548793
        ],
        "Translation": [
          -108.694595,
          257.1413,
          131.58421
        ],
        "Scale": [
          0.9999995,
          0.9999995,
          0.99999964
        ],
        "Skew": 0
      },
      "Matrix": [
        -0.6570634,
        0.5004332,
        -0.56376696,
        0,
        -0.73576695,
        -0.58849144,
        0.33514717,
        0,
        -0.16405343,
        0.6350145,
        0.754879,
        0,
        -108.694595,
        257.1413,
        387.14636,
        1
      ],
      "Children": null
    },
    {
      "NameHash": "0xfb50e19d",
      "Index": 97,
      "ParentIndex": 8,
      "Increment": 1,
      "Transform": {
        "Rotation": [
          -0.9127077,
          0.028742427,
          -0.40760088,
          -0.0292969,
          -0.9995588,
          -0.004882817,
          -0.4075614,
          0.0074848575,
          0.91314715
        ],
        "Translation": [
          -290.9137,
          1.603241,
          131.58415
        ],
        "Scale": [
          0.9999997,
          0.9999997,
          0.99999994
        ],
        "Skew": 0
      },
      "Matrix": [
        -0.9127074,
        0.028742418,
        -0.40760076,
        0,
        -0.02929689,
        -0.9995585,
        -0.0048828158,
        0,
        -0.40756136,
        0.007484857,
        0.9131471,
        0,
        -290.9137,
        1.603241,
        387.1463,
        1
      ],
      "Children": null
    },
    {
      "NameHash": "0xde4b5621",
      "Index": 98,
      "ParentIndex": 8,
      "Increment": 1,
      "Transform": {
        "Rotation": [
          -0.8725577,
          -0.19128637,
          0.44950294,
          0.049132615,
          -0.9498464,
          -0.3088336,
          0.48603433,
          -0.24738982,
          0.83819383
        ],
        "Translation": [
          190.72568,
          -83.348694,
          158.92778
        ],
        "Scale": [
          1.0000005,
          1.0000007,
          1.0000002
        ],
        "Skew": 0
      },
      "Matrix": [
        -0.8725581,
        -0.19128646,
        0.44950315,
        0,
        0.04913265,
        -0.94984704,
        -0.3088338,
        0,
        0.48603445,
        -0.24738988,
        0.838194,
        0,
        190.72568,
        -83.348694,
        414.48993,
        1
      ],
      "Children": null
    },
    {
      "NameHash": "0x84038c55",
      "Index": 99,
      "ParentIndex": 8,
      "Increment": 1,
      "Transform": {
        "Rotation": [
          -0.623803,
          -0.6988968,
          -0.349876,
          0.75940317,
          -0.64786536,
          -0.059812382,
          -0.18486983,
          -0.30300805,
          0.9348846
        ],
        "Translation": [
          -91.81829,
          -222.66614,
          146.18056
        ],
        "Scale": [
          1.0000004,
          1.0000004,
          0.99999994
        ],
        "Skew": 0
      },
      "Matrix": [
        -0.62380326,
        -0.69889706,
        -0.3498761,
        0,
        0.75940347,
        -0.6478656,
        -0.059812404,
        0,
        -0.18486981,
        -0.30300802,
        0.93488455,
        0,
        -91.81829,
        -222.66614,
        401.7427,
        1
      ],
      "Children": null
    },
    {
      "NameHash": "0xc104cabc",
      "Index": 100,
      "ParentIndex": 8,
      "Increment": 1,
      "Transform": {
        "Rotation": [
          -0.84659886,
          -0.5270931,
          -0.07377864,
          0.5258268,
          -0.84977645,
          0.037232075,
          -0.08232012,
          -0.007274154,
          0.9965794
        ],
        "Translation": [
          14.674133,
          17.497726,
          181.52605
        ],
        "Scale": [
          1,
          1,
          1
        ],
        "Skew": 0
      },
      "Matrix": [
        -0.84659886,
        -0.5270931,
        -0.07377864,
        0,
        0.5258268,
        -0.84977645,
        0.037232075,
        0,
        -0.08232012,
        -0.007274154,
        0.9965794,
        0,
        14.674133,
        17.497726,
        437.0882,
        1
      ],
      "Children": null
    },
    {
      "NameHash": "0xd5a213bc",
      "Index": 101,
      "ParentIndex": 0,
      "Increment": 1,
      "Transform": {
        "Rotation": [
          1,
          0,
          0,
          0,
          1,
          0,
          0,
          0,
          1
        ],
        "Translation": [
          0,
          0,
          0
        ],
        "Scale": [
          1,
          1,
          1
        ],
        "Skew": 0
      },
      "Matrix": [
        1,
        0,
        0,
        0,
        0,
        1,
        0,
        0,
        0,
        0,
        1,
        0,
        0,
        0,
        0,
        1
      ],
      "Children": null
    },
    {
      "NameHash": "0x6e75b901",
      "Index": 102,
      "ParentIndex": 8,
      "Increment": 1,
      "Transform": {
        "Rotation": [
          1,
          0,
          0,
          0,
          1,
          0,
          0,
          0,
          1
        ],
        "Translation": [
          0,
          0,
          -255.8903
        ],
        "Scale": [
          1,
          1,
          1
        ],
        "Skew": 0
      },
      "Matrix": [
        1,
        0,
        0,
        0,
        0,
        1,
        0,
        0,
        0,
        0,
        1,
        0,
        0,
        0,
        -0.32815552,
        1
      ],
      "Children": null
    },
    {
      "NameHash": "0xe4a4586d",
      "Index": 103,
      "ParentIndex": 0,
      "Increment": 1,
      "Transform": {
        "Rotation": [
          1,
          0,
          0,
          0,
          1,
          0,
          0,
          0,
          1
        ],
        "Translation": [
          0.06325513,
          -0.07835306,
          0.087130524
        ],
        "Scale": [
          1,
          1,
          1
        ],
        "Skew": 0
      },
      "Matrix": [
        1,
        0,
        0,
        0,
        0,
        1,
        0,
        0,
        0,
        0,
        1,
        0,
        0.06325513,
        -0.07835306,
        0.087130524,
        1
      ],
      "Children": null
    }
  ],
  "JointTransformMatrices": [
    [
      [
        1,
        0,
        0,
        0
      ],
      [
        0,
        1,
        0,
        0
      ],
      [
        0,
        0,
        1,
        0
      ],
      [
        0,
        0,
        0,
        1
      ]
    ],
    [
      [
        1,
        0,
        0,
        0
      ],
      [
        0,
        1,
        0,
        0
      ],
      [
        0,
        0,
        1,
        0
      ],
      [
        0,
        0,
        0,
        1
      ]
    ],
    [
      [
        1,
        0,
        0,
        0
      ],
      [
        0,
        1,
        0,
        0
      ],
      [
        0,
        0,
        1,
        0
      ],
      [
        0,
        0,
        0,
        1
      ]
    ],
    [
      [
        1,
        0,
        0,
        0
      ],
      [
        0,
        1,
        0,
        0
      ],
      [
        0,
        0,
        1,
        0
      ],
      [
        0,
        0,
        0,
        1
      ]
    ],
    [
      [
        1,
        0,
        0,
        0
      ],
      [
        0,
        1,
        0,
        0
      ],
      [
        0,
        0,
        1,
        0
      ],
      [
        0,
        0,
        -1.6092987,
        1
      ]
    ],
    [
      [
        1,
        0,
        0,
        0
      ],
      [
        0,
        1,
        0,
        0
      ],
      [
        0,
        0,
        1,
        0
      ],
      [
        0,
        0,
        -1.6092987,
        1
      ]
    ],
    [
      [
        1,
        0,
        0,
        0
      ],
      [
        0,
        1,
        0,
        0
      ],
      [
        0,
        0,
        1,
        0
      ],
      [
        0,
        0,
        0,
        1
      ]
    ],
    [
      [
        1,
        0,
        0,
        0
      ],
      [
        0,
        1,
        0,
        0
      ],
      [
        0,
        0,
        1,
        0
      ],
      [
        0,
        0,
        0,
        1
      ]
    ],
    [
      [
        1,
        0,
        0,
        0
      ],
      [
        0,
        1,
        0,
        0
      ],
      [
        0,
        0,
        1,
        0
      ],
      [
        0,
        0,
        255.56215,
        1
      ]
    ],
    [
      [
        0.060741488,
        -0.060748227,
        -0.99630326,
        0
      ],
      [
        0.7044926,
        -0.7044929,
        0.085906215,
        0
      ],
      [
        -0.70710725,
        -0.70710635,
        0.000004708062,
        0
      ],
      [
        -77.385185,
        77.385185,
        32.52356,
        1
      ]
    ],
    [
      [
        0.061105557,
        -0.06059854,
        -0.99629,
        0
      ],
      [
        0.70448345,
        -0.7044835,
        0.086057805,
        0
      ],
      [
        -0.7070849,
        -0.70712847,
        -0.00035720237,
        0
      ],
      [
        -61.06984,
        61.06984,
        -235.06433,
        1
      ]
    ],
    [
      [
        0.12126594,
        -0.12172515,
        -0.985128,
        0
      ],
      [
        0.6965907,
        -0.69659054,
        0.17182063,
        0
      ],
      [
        -0.7071459,
        -0.70706713,
        0.00031995375,
        0
      ],
      [
        -61.06984,
        61.06984,
        -235.06433,
        1
      ]
    ],
    [
      [
        0.12197099,
        -0.12143891,
        -0.9850765,
        0
      ],
      [
        0.6965543,
        -0.69655436,
        0.17211682,
        0
      ],
      [
        -0.707061,
        -0.7071525,
        -0.0003706488,
        0
      ],
      [
        -36.434246,
        36.434246,
        -434.654,
        1
      ]
    ],
    [
      [
        0.0859118,
        0.0000034487475,
        -0.9963029,
        0
      ],
      [
        0.9963029,
        -3.3937542e-7,
        0.08591187,
        0
      ],
      [
        2.9540036e-8,
        -1.0000002,
        -0.000003530636,
        0
      ],
      [
        -109.43918,
        -6.0610906e-14,
        32.52356,
        1
      ]
    ],
    [
      [
        0.0860632,
        0.00015608937,
        -0.9962897,
        0
      ],
      [
        0.99628973,
        -2.8544764e-7,
        0.08606323,
        0
      ],
      [
        0.000013178355,
        -1,
        -0.00015556157,
        0
      ],
      [
        -86.3658,
        -4.5701676e-14,
        -235.06433,
        1
      ]
    ],
    [
      [
        0.17181772,
        -0.00014213135,
        -0.98512876,
        0
      ],
      [
        0.98512876,
        2.2580421e-7,
        0.1718177,
        0
      ],
      [
        -0.000024207246,
        -1,
        0.00014006406,
        0
      ],
      [
        -86.3658,
        -4.5701676e-14,
        -235.06433,
        1
      ]
    ],
    [
      [
        0.17211373,
        0.0001583409,
        -0.9850774,
        0
      ],
      [
        0.9850774,
        -2.9963658e-8,
        0.17211384,
        0
      ],
      [
        0.000027313385,
        -1.0000002,
        -0.00015605897,
        0
      ],
      [
        -51.525806,
        -5.986758e-13,
        -434.654,
        1
      ]
    ],
    [
      [
        0.060745213,
        0.06074445,
        -0.99630374,
        0
      ],
      [
        0.7044931,
        0.70449287,
        0.08590625,
        0
      ],
      [
        0.707107,
        -0.7071072,
        4.905936e-7,
        0
      ],
      [
        -77.385185,
        -77.385185,
        32.52356,
        1
      ]
    ],
    [
      [
        0.060808145,
        0.060895965,
        -0.99629,
        0
      ],
      [
        0.70448345,
        0.70448345,
        0.08605779,
        0
      ],
      [
        0.70711046,
        -0.70710295,
        -0.00006186387,
        0
      ],
      [
        -61.06984,
        -61.06984,
        -235.06433,
        1
      ]
    ],
    [
      [
        0.121536545,
        0.12145446,
        -0.9851283,
        0
      ],
      [
        0.6965909,
        0.69659084,
        0.17182063,
        0
      ],
      [
        0.7070998,
        -0.70711386,
        0.00005716421,
        0
      ],
      [
        -61.06984,
        -61.06984,
        -235.06433,
        1
      ]
    ],
    [
      [
        0.1216576,
        0.121752396,
        -0.985077,
        0
      ],
      [
        0.6965546,
        0.6965544,
        0.17211694,
        0
      ],
      [
        0.70711523,
        -0.70709896,
        -0.000066066874,
        0
      ],
      [
        -36.434246,
        -36.434246,
        -434.654,
        1
      ]
    ],
    [
      [
        1.2053734e-8,
        0.08589881,
        -0.99630415,
        0
      ],
      [
        1.6397722e-9,
        0.9963035,
        0.08589876,
        0
      ],
      [
        1.0000004,
        -8.8872e-9,
        1.160077e-8,
        0
      ],
      [
        4.7208473e-14,
        -109.43918,
        32.52356,
        1
      ]
    ],
    [
      [
        -1.2280303e-7,
        0.086050235,
        -0.99629086,
        0
      ],
      [
        -9.528557e-9,
        0.99629074,
        0.08605023,
        0
      ],
      [
        1,
        1.6788785e-8,
        -1.2166862e-7,
        0
      ],
      [
        5.1446986e-14,
        -86.3658,
        -235.06433,
        1
      ]
    ],
    [
      [
        -6.99981e-8,
        0.17211391,
        -0.9850775,
        0
      ],
      [
        -5.2486646e-9,
        0.9850771,
        0.17211385,
        0
      ],
      [
        1.0000004,
        5.248666e-9,
        -6.908793e-8,
        0
      ],
      [
        5.1446986e-14,
        -86.3658,
        -235.06433,
        1
      ]
    ],
    [
      [
        -2.8398688e-8,
        0.17212678,
        -0.9850748,
        0
      ],
      [
        -4.1989292e-8,
        0.9850748,
        0.17212678,
        0
      ],
      [
        1,
        4.1989292e-8,
        -2.1116865e-8,
        0
      ],
      [
        5.852766e-13,
        -51.525806,
        -434.654,
        1
      ]
    ],
    [
      [
        -0.06074555,
        0.060744327,
        -0.99630314,
        0
      ],
      [
        -0.7044927,
        0.70449275,
        0.08590631,
        0
      ],
      [
        0.7071067,
        0.7071067,
        -8.665312e-7,
        0
      ],
      [
        77.385185,
        -77.385185,
        32.52356,
        1
      ]
    ],
    [
      [
        -0.060808085,
        0.060895987,
        -0.9962902,
        0
      ],
      [
        -0.70448345,
        0.7044835,
        0.086057745,
        0
      ],
      [
        0.70711064,
        0.70710295,
        0.000061911815,
        0
      ],
      [
        61.06984,
        -61.06984,
        -235.06433,
        1
      ]
    ],
    [
      [
        -0.12153683,
        0.12145441,
        -0.9851284,
        0
      ],
      [
        -0.6965909,
        0.69659084,
        0.1718207,
        0
      ],
      [
        0.70709985,
        0.7071139,
        -0.000057436904,
        0
      ],
      [
        61.06984,
        -61.06984,
        -235.06433,
        1
      ]
    ],
    [
      [
        -0.121657886,
        0.12175213,
        -0.98507655,
        0
      ],
      [
        -0.6965543,
        0.6965543,
        0.17211686,
        0
      ],
      [
        0.70711493,
        0.70709866,
        0.000065638465,
        0
      ],
      [
        36.434246,
        -36.434246,
        -434.654,
        1
      ]
    ],
    [
      [
        -0.08591193,
        0.0000038422254,
        -0.9963027,
        0
      ],
      [
        -0.9963027,
        -1.7866677e-7,
        0.085911885,
        0
      ],
      [
        1.9507173e-7,
        1,
        0.0000037965185,
        0
      ],
      [
        109.43918,
        6.0610906e-14,
        32.52356,
        1
      ]
    ],
    [
      [
        -0.08606325,
        0.00015608937,
        -0.9962897,
        0
      ],
      [
        -0.99628973,
        -2.8544764e-7,
        0.08606323,
        0
      ],
      [
        0.000013178355,
        1,
        0.00015550297,
        0
      ],
      [
        86.3658,
        1.5939748e-13,
        -235.06433,
        1
      ]
    ],
    [
      [
        -0.1718177,
        -0.00014204343,
        -0.98512876,
        0
      ],
      [
        -0.98512876,
        -1.4076474e-7,
        0.1718177,
        0
      ],
      [
        -0.000024553261,
        1,
        -0.00013989616,
        0
      ],
      [
        86.3658,
        1.5939748e-13,
        -235.06433,
        1
      ]
    ],
    [
      [
        -0.17211388,
        0.0001583086,
        -0.98507714,
        0
      ],
      [
        -0.98507714,
        -2.996365e-8,
        0.1721138,
        0
      ],
      [
        0.000027281118,
        1,
        0.00015587572,
        0
      ],
      [
        51.525806,
        5.0284494e-13,
        -434.654,
        1
      ]
    ],
    [
      [
        -0.06074084,
        -0.06074927,
        -0.9963034,
        0
      ],
      [
        -0.7044931,
        -0.7044929,
        0.08590644,
        0
      ],
      [
        -0.7071071,
        0.70710665,
        -0.000006078823,
        0
      ],
      [
        77.385185,
        77.385185,
        32.52356,
        1
      ]
    ],
    [
      [
        -0.061105732,
        -0.060598407,
        -0.9962907,
        0
      ],
      [
        -0.704484,
        -0.70448416,
        0.08605776,
        0
      ],
      [
        -0.70708543,
        0.70712906,
        0.00035722245,
        0
      ],
      [
        61.06984,
        61.06984,
        -235.06433,
        1
      ]
    ],
    [
      [
        -0.12126575,
        -0.121725164,
        -0.98512787,
        0
      ],
      [
        -0.6965905,
        -0.69659066,
        0.17182055,
        0
      ],
      [
        -0.70714605,
        0.7070669,
        -0.0003199201,
        0
      ],
      [
        61.06984,
        61.06984,
        -235.06433,
        1
      ]
    ],
    [
      [
        -0.121970996,
        -0.121439114,
        -0.9850768,
        0
      ],
      [
        -0.6965546,
        -0.69655454,
        0.1721169,
        0
      ],
      [
        -0.707061,
        0.70715266,
        0.00037035602,
        0
      ],
      [
        36.434246,
        36.434246,
        -434.654,
        1
      ]
    ],
    [
      [
        1.05065936e-7,
        -0.08589817,
        -0.9963035,
        0
      ],
      [
        -0.0000023416023,
        -0.9963035,
        0.08589817,
        0
      ],
      [
        -0.99999964,
        0.0000023271077,
        -2.3179705e-7,
        0
      ],
      [
        -6.0610906e-14,
        109.43918,
        32.52356,
        1
      ]
    ],
    [
      [
        -3.6633287e-7,
        -0.08604967,
        -0.99629116,
        0
      ],
      [
        -0.00000234288,
        -0.99629164,
        0.0860497,
        0
      ],
      [
        -1.0000004,
        0.0000023573994,
        -2.9470796e-8,
        0
      ],
      [
        -6.104098e-14,
        86.3658,
        -235.06433,
        1
      ]
    ],
    [
      [
        -3.2078023e-7,
        -0.17211413,
        -0.98507774,
        0
      ],
      [
        -7.6224023e-7,
        -0.9850778,
        0.17211413,
        0
      ],
      [
        -1.0000007,
        7.913654e-7,
        1.5134502e-8,
        0
      ],
      [
        -6.104098e-14,
        86.3658,
        -235.06433,
        1
      ]
    ],
    [
      [
        -2.5734127e-7,
        -0.17212692,
        -0.9850748,
        0
      ],
      [
        -6.047784e-7,
        -0.9850749,
        0.17212692,
        0
      ],
      [
        -1,
        6.339057e-7,
        7.8573066e-8,
        0
      ],
      [
        -5.026131e-13,
        51.525806,
        -434.654,
        1
      ]
    ],
    [
      [
        1,
        0,
        0,
        0
      ],
      [
        0,
        1,
        0,
        0
      ],
      [
        0,
        0,
        1,
        0
      ],
      [
        0,
        0,
        0,
        1
      ]
    ],
    [
      [
        0.7071067,
        -0.70710677,
        -0,
        0
      ],
      [
        0.70710677,
        0.7071067,
        0,
        0
      ],
      [
        0,
        -0,
        1,
        0
      ],
      [
        0,
        0,
        0,
        1
      ]
    ],
    [
      [
        3.422853e-8,
        -0.99999964,
        -0,
        0
      ],
      [
        0.99999964,
        3.422853e-8,
        0,
        0
      ],
      [
        0,
        -0,
        1,
        0
      ],
      [
        0,
        0,
        0,
        1
      ]
    ],
    [
      [
        -0.7071068,
        -0.70710665,
        0,
        0
      ],
      [
        0.70710665,
        -0.7071068,
        0,
        0
      ],
      [
        0,
        0,
        1,
        0
      ],
      [
        0,
        0,
        0,
        1
      ]
    ],
    [
      [
        -1,
        0,
        0,
        0
      ],
      [
        0,
        -1,
        0,
        0
      ],
      [
        0,
        0,
        1,
        0
      ],
      [
        0,
        0,
        0,
        1
      ]
    ],
    [
      [
        -0.7071068,
        0.70710665,
        0,
        0
      ],
      [
        -0.70710665,
        -0.7071068,
        0,
        0
      ],
      [
        0,
        0,
        1,
        0
      ],
      [
        0,
        0,
        0,
        1
      ]
    ],
    [
      [
        3.422853e-8,
        0.99999964,
        0,
        0
      ],
      [
        -0.99999964,
        3.422853e-8,
        0,
        0
      ],
      [
        0,
        0,
        1,
        0
      ],
      [
        0,
        0,
        0,
        1
      ]
    ],
    [
      [
        0.7071067,
        0.70710677,
        0,
        0
      ],
      [
        -0.70710677,
        0.7071067,
        0,
        0
      ],
      [
        0,
        0,
        1,
        0
      ],
      [
        0,
        0,
        0,
        1
      ]
    ],
    [
      [
        1,
        0,
        0,
        0
      ],
      [
        0,
        1,
        0,
        0
      ],
      [
        0,
        0,
        1,
        0
      ],
      [
        0,
        0,
        0,
        1
      ]
    ],
    [
      [
        1,
        0,
        0,
        0
      ],
      [
        0,
        1,
        0,
        0
      ],
      [
        0,
        0,
        1,
        0
      ],
      [
        0,
        61.71736,
        -334.72266,
        1
      ]
    ],
    [
      [
        1,
        0,
        0,
        0
      ],
      [
        0,
        1,
        0,
        0
      ],
      [
        0,
        0,
        1,
        0
      ],
      [
        0,
        104.115685,
        -86.84984,
        1
      ]
    ],
    [
      [
        1,
        0,
        0,
        0
      ],
      [
        0,
        1,
        0,
        0
      ],
      [
        0,
        0,
        1,
        0
      ],
      [
        73.6209,
        73.6209,
        -86.84984,
        1
      ]
    ],
    [
      [
        1,
        0,
        0,
        0
      ],
      [
        0,
        1,
        0,
        0
      ],
      [
        0,
        0,
        1,
        0
      ],
      [
        43.640766,
        43.640766,
        -334.72266,
        1
      ]
    ],
    [
      [
        1,
        0,
        0,
        0
      ],
      [
        0,
        1,
        0,
        0
      ],
      [
        0,
        0,
        1,
        0
      ],
      [
        104.115685,
        0,
        -86.84984,
        1
      ]
    ],
    [
      [
        1,
        0,
        0,
        0
      ],
      [
        0,
        1,
        0,
        0
      ],
      [
        0,
        0,
        1,
        0
      ],
      [
        61.71736,
        0,
        -334.72266,
        1
      ]
    ],
    [
      [
        1,
        0,
        0,
        0
      ],
      [
        0,
        1,
        0,
        0
      ],
      [
        0,
        0,
        1,
        0
      ],
      [
        73.6209,
        -73.6209,
        -86.84984,
        1
      ]
    ],
    [
      [
        1,
        0,
        0,
        0
      ],
      [
        0,
        1,
        0,
        0
      ],
      [
        0,
        0,
        1,
        0
      ],
      [
        43.640766,
        -43.640766,
        -334.72266,
        1
      ]
    ],
    [
      [
        1,
        0,
        0,
        0
      ],
      [
        0,
        1,
        0,
        0
      ],
      [
        0,
        0,
        1,
        0
      ],
      [
        1.2750494e-14,
        -104.115685,
        -86.84984,
        1
      ]
    ],
    [
      [
        1,
        0,
        0,
        0
      ],
      [
        0,
        1,
        0,
        0
      ],
      [
        0,
        0,
        1,
        0
      ],
      [
        7.558197e-15,
        -61.71736,
        -334.72266,
        1
      ]
    ],
    [
      [
        1,
        0,
        0,
        0
      ],
      [
        0,
        1,
        0,
        0
      ],
      [
        0,
        0,
        1,
        0
      ],
      [
        -73.6209,
        -73.6209,
        -86.84984,
        1
      ]
    ],
    [
      [
        1,
        0,
        0,
        0
      ],
      [
        0,
        1,
        0,
        0
      ],
      [
        0,
        0,
        1,
        0
      ],
      [
        -43.640766,
        -43.640766,
        -334.72266,
        1
      ]
    ],
    [
      [
        1,
        0,
        0,
        0
      ],
      [
        0,
        1,
        0,
        0
      ],
      [
        0,
        0,
        1,
        0
      ],
      [
        -104.115685,
        0,
        -86.84984,
        1
      ]
    ],
    [
      [
        1,
        0,
        0,
        0
      ],
      [
        0,
        1,
        0,
        0
      ],
      [
        0,
        0,
        1,
        0
      ],
      [
        -61.71736,
        0,
        -334.72266,
        1
      ]
    ],
    [
      [
        1,
        0,
        0,
        0
      ],
      [
        0,
        1,
        0,
        0
      ],
      [
        0,
        0,
        1,
        0
      ],
      [
        -73.6209,
        73.6209,
        -86.84984,
        1
      ]
    ],
    [
      [
        1,
        0,
        0,
        0
      ],
      [
        0,
        1,
        0,
        0
      ],
      [
        0,
        0,
        1,
        0
      ],
      [
        -43.640766,
        43.640766,
        -334.72266,
        1
      ]
    ],
    [
      [
        1,
        0,
        0,
        0
      ],
      [
        0,
        1,
        0,
        0
      ],
      [
        0,
        0,
        1,
        0
      ],
      [
        0,
        0,
        109.6677,
        1
      ]
    ],
    [
      [
        1,
        0,
        0,
        0
      ],
      [
        0,
        1,
        0,
        0
      ],
      [
        0,
        0,
        1,
        0
      ],
      [
        0,
        0,
        282.9377,
        1
      ]
    ],
    [
      [
        1,
        0,
        0,
        0
      ],
      [
        0,
        1,
        0,
        0
      ],
      [
        0,
        0,
        1,
        0
      ],
      [
        4.3316066e-14,
        7.4573256e-12,
        306.36105,
        1
      ]
    ],
    [
      [
        1,
        0,
        0,
        0
      ],
      [
        0,
        1,
        0,
        0
      ],
      [
        0,
        0,
        1,
        0
      ],
      [
        0,
        0,
        0,
        1
      ]
    ],
    [
      [
        1,
        0,
        0,
        0
      ],
      [
        0,
        1,
        0,
        0
      ],
      [
        0,
        0,
        1,
        0
      ],
      [
        0,
        0,
        -1.6092987,
        1
      ]
    ],
    [
      [
        1,
        0,
        0,
        0
      ],
      [
        0,
        1,
        0,
        0
      ],
      [
        0,
        0,
        1,
        0
      ],
      [
        0,
        0,
        -1.6092987,
        1
      ]
    ],
    [
      [
        1,
        0,
        0,
        0
      ],
      [
        0,
        1,
        0,
        0
      ],
      [
        0,
        0,
        1,
        0
      ],
      [
        0,
        0,
        -1.6092987,
        1
      ]
    ],
    [
      [
        1,
        0,
        0,
        0
      ],
      [
        0,
        1,
        0,
        0
      ],
      [
        0,
        0,
        1,
        0
      ],
      [
        0,
        0,
        -1.6092987,
        1
      ]
    ],
    [
      [
        1,
        0,
        0,
        0
      ],
      [
        0,
        1,
        0,
        0
      ],
      [
        0,
        0,
        1,
        0
      ],
      [
        0,
        0,
        132.89291,
        1
      ]
    ],
    [
      [
        1,
        0,
        0,
        0
      ],
      [
        0,
        1,
        0,
        0
      ],
      [
        0,
        0,
        1,
        0
      ],
      [
        2.0611877,
        -78.99478,
        149.94254,
        1
      ]
    ],
    [
      [
        1,
        0,
        0,
        0
      ],
      [
        0,
        1,
        0,
        0
      ],
      [
        0,
        0,
        1,
        0
      ],
      [
        0,
        0,
        255.56215,
        1
      ]
    ],
    [
      [
        1,
        0,
        0,
        0
      ],
      [
        0,
        1,
        0,
        0
      ],
      [
        0,
        0,
        1,
        0
      ],
      [
        0,
        0,
        0,
        1
      ]
    ],
    [
      [
        -0.5077179,
        -0.37553462,
        -0.77536803,
        0
      ],
      [
        -0.7095322,
        0.6927477,
        0.12908906,
        0
      ],
      [
        0.48865718,
        0.6156897,
        -0.6181746,
        0
      ],
      [
        142.99292,
        138.85306,
        220.12576,
        1
      ]
    ],
    [
      [
        1,
        0,
        0,
        0
      ],
      [
        0,
        1,
        0,
        0
      ],
      [
        0,
        0,
        1,
        0
      ],
      [
        0,
        0,
        -500,
        1
      ]
    ],
    [
      [
        1,
        0,
        0,
        0
      ],
      [
        0,
        1,
        0,
        0
      ],
      [
        0,
        0,
        1,
        0
      ],
      [
        0,
        0,
        0.00062561035,
        1
      ]
    ],
    [
      [
        1,
        0,
        0,
        0
      ],
      [
        0,
        1,
        0,
        0
      ],
      [
        0,
        0,
        1,
        0
      ],
      [
        0,
        0,
        0,
        1
      ]
    ],
    [
      [
        -0.3089274,
        -0.14127016,
        -0.9405342,
        0
      ],
      [
        -0.9219642,
        -0.19835167,
        0.33262086,
        0
      ],
      [
        -0.23354626,
        0.96989554,
        -0.06896969,
        0
      ],
      [
        -2.7966309,
        132.90337,
        177.58325,
        1
      ]
    ],
    [
      [
        -0.30913326,
        -0.14107083,
        -0.94049835,
        0
      ],
      [
        -0.9354605,
        -0.133049,
        0.32743403,
        0
      ],
      [
        -0.1713235,
        0.98101914,
        -0.09083645,
        0
      ],
      [
        -8.091904,
        191.91864,
        230.98007,
        1
      ]
    ],
    [
      [
        -0.308842,
        -0.14123778,
        -0.9405682,
        0
      ],
      [
        -0.45223373,
        -0.8481673,
        0.2758567,
        0
      ],
      [
        -0.83672047,
        0.5105527,
        0.19807717,
        0
      ],
      [
        -102.92618,
        73.177,
        133.77902,
        1
      ]
    ],
    [
      [
        0.16406645,
        0.0071662264,
        -0.98642355,
        0
      ],
      [
        0.5071902,
        -0.85828644,
        0.07812288,
        0
      ],
      [
        -0.8460737,
        -0.5131215,
        -0.14445068,
        0
      ],
      [
        -171.47714,
        -70.17691,
        213.64584,
        1
      ]
    ],
    [
      [
        0.05235859,
        0.38058823,
        -0.92326176,
        0
      ],
      [
        0.952891,
        0.2575523,
        0.1602076,
        0
      ],
      [
        0.2987613,
        -0.88815564,
        -0.34917396,
        0
      ],
      [
        -22.11806,
        -195.10461,
        238.67455,
        1
      ]
    ],
    [
      [
        0.038937632,
        0.22161454,
        -0.9743567,
        0
      ],
      [
        0.19714333,
        0.95422643,
        0.22491431,
        0
      ],
      [
        0.9796012,
        -0.20084557,
        -0.0065345126,
        0
      ],
      [
        137.90625,
        -7.1888866,
        153.6566,
        1
      ]
    ],
    [
      [
        -0.50766045,
        -0.3757004,
        -0.7753258,
        0
      ],
      [
        -0.75468004,
        0.6280355,
        0.1898144,
        0
      ],
      [
        0.41561875,
        0.68148416,
        -0.6023624,
        0
      ],
      [
        106.74574,
        237.3508,
        262.31772,
        1
      ]
    ],
    [
      [
        0.047979295,
        -0.5227844,
        -0.85111386,
        0
      ],
      [
        -0.8661709,
        -0.4461309,
        0.22520132,
        0
      ],
      [
        -0.4974398,
        0.72640485,
        -0.47422567,
        0
      ],
      [
        -107.3371,
        232.52213,
        258.252,
        1
      ]
    ],
    [
      [
        -0.0019254943,
        -0.6363733,
        -0.7713789,
        0
      ],
      [
        -0.8071542,
        -0.4543866,
        0.37687528,
        0
      ],
      [
        -0.5903376,
        0.62334734,
        -0.51277643,
        0
      ],
      [
        -153.74974,
        147.26416,
        227.18112,
        1
      ]
    ],
    [
      [
        0.10053155,
        -0.11927405,
        -0.98775864,
        0
      ],
      [
        0.06713878,
        -0.989712,
        0.12634313,
        0
      ],
      [
        -0.992666,
        -0.079018384,
        -0.09148937,
        0
      ],
      [
        -383.38486,
        -0.93836975,
        277.2065,
        1
      ]
    ],
    [
      [
        0.25074267,
        0.12013695,
        -0.9605707,
        0
      ],
      [
        0.64419496,
        -0.7613769,
        0.07293347,
        0
      ],
      [
        -0.72259384,
        -0.637082,
        -0.2683013,
        0
      ],
      [
        -137.65866,
        -134.71927,
        244.74155,
        1
      ]
    ],
    [
      [
        0.05235891,
        0.38059315,
        -0.9232597,
        0
      ],
      [
        0.9528875,
        0.25756174,
        0.16021332,
        0
      ],
      [
        0.29877242,
        -0.8881507,
        -0.34917665,
        0
      ],
      [
        46.617493,
        -145.80627,
        172.12914,
        1
      ]
    ],
    [
      [
        0.34022018,
        0.58626527,
        -0.7352162,
        0
      ],
      [
        0.10316089,
        0.75386816,
        0.648876,
        0
      ],
      [
        0.9346698,
        -0.29660633,
        0.19600159,
        0
      ],
      [
        350.5831,
        -159.09082,
        293.39578,
        1
      ]
    ],
    [
      [
        -0.3876904,
        0.18565014,
        -0.90290165,
        0
      ],
      [
        -0.80912685,
        -0.5377901,
        0.23684736,
        0
      ],
      [
        -0.44160044,
        0.8223849,
        0.35871017,
        0
      ],
      [
        -179.22717,
        342.34628,
        292.9821,
        1
      ]
    ],
    [
      [
        -0.6570634,
        0.5004332,
        -0.56376696,
        0
      ],
      [
        -0.73576695,
        -0.58849144,
        0.33514717,
        0
      ],
      [
        -0.16405343,
        0.6350145,
        0.754879,
        0
      ],
      [
        -108.694595,
        257.1413,
        387.14636,
        1
      ]
    ],
    [
      [
        -0.9127074,
        0.028742418,
        -0.40760076,
        0
      ],
      [
        -0.02929689,
        -0.9995585,
        -0.0048828158,
        0
      ],
      [
        -0.40756136,
        0.007484857,
        0.9131471,
        0
      ],
      [
        -290.9137,
        1.603241,
        387.1463,
        1
      ]
    ],
    [
      [
        -0.8725581,
        -0.19128646,
        0.44950315,
        0
      ],
      [
        0.04913265,
        -0.94984704,
        -0.3088338,
        0
      ],
      [
        0.48603445,
        -0.24738988,
        0.838194,
        0
      ],
      [
        190.72568,
        -83.348694,
        414.48993,
        1
      ]
    ],
    [
      [
        -0.62380326,
        -0.69889706,
        -0.3498761,
        0
      ],
      [
        0.75940347,
        -0.6478656,
        -0.059812404,
        0
      ],
      [
        -0.18486981,
        -0.30300802,
        0.93488455,
        0
      ],
      [
        -91.81829,
        -222.66614,
        401.7427,
        1
      ]
    ],
    [
      [
        -0.84659886,
        -0.5270931,
        -0.07377864,
        0
      ],
      [
        0.5258268,
        -0.84977645,
        0.037232075,
        0
      ],
      [
        -0.08232012,
        -0.007274154,
        0.9965794,
        0
      ],
      [
        14.674133,
        17.497726,
        437.0882,
        1
      ]
    ],
    [
      [
        1,
        0,
        0,
        0
      ],
      [
        0,
        1,
        0,
        0
      ],
      [
        0,
        0,
        1,
        0
      ],
      [
        0,
        0,
        0,
        1
      ]
    ],
    [
      [
        1,
        0,
        0,
        0
      ],
      [
        0,
        1,
        0,
        0
      ],
      [
        0,
        0,
        1,
        0
      ],
      [
        0,
        0,
        -0.32815552,
        1
      ]
    ],
    [
      [
        1,
        0,
        0,
        0
      ],
      [
        0,
        1,
        0,
        0
      ],
      [
        0,
        0,
        1,
        0
      ],
      [
        0.06325513,
        -0.07835306,
        0.087130524,
        1
      ]
    ]
  ],
  "Lights": [],
  "Materials": {
    "0x07c2e8b9": "0x234d69e0109c4481",
    "0x0c05d3bd": "0x5990e5efbca8ae21",
    "0x52399fad": "0x5095f21762c7bbba",
    "0x5a7ce02b": "0x5095f21762c7bbba",
    "0x6d64558e": "0x234d69e0109c4481",
    "0x7f14b61f": "0x234d69e0109c4481",
    "0xc1e6de99": "0x5990e5efbca8ae21",
    "0xce52b742": "0x5095f21762c7bbba",
    "0xe9e44dac": "0x5095f21762c7bbba",
    "0xf037dab5": "0x234d69e0109c4481"
  },
  "NumMeshes": 6,
  "MeshInfos": [
    {
      "Header": {
        "Unk00": [
          0,
          0,
          0,
          0,
          0,
          0,
          0,
          0
        ],
        "Min": [
          -388.65936,
          -388.74292,
          -436.10538
        ],
        "Max": [
          389.34122,
          389.51688,
          447.76785
        ],
        "UnkFloat00": 505.43137,
        "MeshType": 266,
        "GroupBoneHash": "0x88146ef9",
        "AABBTransformIndex": 4,
        "TransformIdx": 4,
        "UnkInt03": 0,
        "SkeletonMapIdx": 5,
        "LayoutIdx": 1,
        "Unk01": [
          0,
          0,
          0,
          0,
          0,
          0,
          0,
          0,
          0,
          0,
          0,
          0,
          0,
          0,
          0,
          0,
          0,
          0,
          0,
          0,
          0,
          0,
          0,
          0,
          0,
          0,
          0,
          0,
          0,
          0,
          0,
          0,
          0,
          0,
          0,
          0,
          0,
          0,
          0,
          0
        ],
        "NumMaterials": 1,
        "MaterialOffset": 128,
        "Unk02": [
          0,
          0,
          0,
          0,
          0,
          0,
          0,
          0
        ],
        "NumGroups": 1,
        "GroupOffset": 132
      },
      "Materials": [
        "0xc1e6de99"
      ],
      "Groups": [
        {
          "MaterialIdx": 0,
          "VertexOffset": 3550,
          "NumVertices": 749,
          "IndexOffset": 6261,
          "NumIndices": 783,
          "GroupIdx": 0
        }
      ]
    },
    {
      "Header": {
        "Unk00": [
          0,
          0,
          0,
          0,
          0,
          0,
          0,
          0
        ],
        "Min": [
          -388.46863,
          -388.46863,
          -434.43796
        ],
        "Max": [
          388.46863,
          388.46863,
          436.75916
        ],
        "UnkFloat00": 505.63074,
        "MeshType": 266,
        "GroupBoneHash": "0x71b3873e",
        "AABBTransformIndex": 5,
        "TransformIdx": 5,
        "UnkInt03": 0,
        "SkeletonMapIdx": 4,
        "LayoutIdx": 1,
        "Unk01": [
          0,
          0,
          0,
          0,
          0,
          0,
          0,
          0,
          0,
          0,
          0,
          0,
          0,
          0,
          0,
          0,
          0,
          0,
          0,
          0,
          0,
          0,
          0,
          0,
          0,
          0,
          0,
          0,
          0,
          0,
          0,
          0,
          0,
          0,
          0,
          0,
          0,
          0,
          0,
          0
        ],
        "NumMaterials": 1,
        "MaterialOffset": 128,
        "Unk02": [
          0,
          0,
          0,
          0,
          0,
          0,
          0,
          0
        ],
        "NumGroups": 1,
        "GroupOffset": 132
      },
      "Materials": [
        "0x0c05d3bd"
      ],
      "Groups": [
        {
          "MaterialIdx": 0,
          "VertexOffset": 0,
          "NumVertices": 3550,
          "IndexOffset": 0,
          "NumIndices": 6261,
          "GroupIdx": 0
        }
      ]
    },
    {
      "Header": {
        "Unk00": [
          0,
          0,
          0,
          0,
          0,
          0,
          0,
          0
        ],
        "Min": [
          -389.78238,
          -389.3948,
          -435.1653
        ],
        "Max": [
          389.80783,
          395.0438,
          454.0436
        ],
        "UnkFloat00": 514.6305,
        "MeshType": 265,
        "GroupBoneHash": "0x19e91f9f",
        "AABBTransformIndex": 70,
        "TransformIdx": 70,
        "UnkInt03": 0,
        "SkeletonMapIdx": 3,
        "LayoutIdx": 0,
        "Unk01": [
          0,
          0,
          0,
          0,
          0,
          0,
          0,
          0,
          0,
          0,
          0,
          0,
          0,
          0,
          0,
          0,
          0,
          0,
          0,
          0,
          0,
          0,
          0,
          0,
          0,
          0,
          0,
          0,
          0,
          0,
          0,
          0,
          0,
          0,
          0,
          0,
          0,
          0,
          0,
          0
        ],
        "NumMaterials": 2,
        "MaterialOffset": 128,
        "Unk02": [
          0,
          0,
          0,
          0,
          0,
          0,
          0,
          0
        ],
        "NumGroups": 2,
        "GroupOffset": 136
      },
      "Materials": [
        "0x7f14b61f",
        "0xce52b742"
      ],
      "Groups": [
        {
          "MaterialIdx": 0,
          "VertexOffset": 12853,
          "NumVertices": 1400,
          "IndexOffset": 23562,
          "NumIndices": 1563,
          "GroupIdx": 0
        },
        {
          "MaterialIdx": 1,
          "VertexOffset": 12853,
          "NumVertices": 1400,
          "IndexOffset": 25125,
          "NumIndices": 546,
          "GroupIdx": 1
        }
      ]
    },
    {
      "Header": {
        "Unk00": [
          0,
          0,
          0,
          0,
          0,
          0,
          0,
          0
        ],
        "Min": [
          -388.22217,
          -388.22223,
          -434.702
        ],
        "Max": [
          388.22217,
          388.16553,
          436.12305
        ],
        "UnkFloat00": 505.95627,
        "MeshType": 393,
        "GroupBoneHash": "0x6d890ef6",
        "AABBTransformIndex": 71,
        "TransformIdx": 71,
        "UnkInt03": 0,
        "SkeletonMapIdx": 2,
        "LayoutIdx": 0,
        "Unk01": [
          0,
          0,
          0,
          0,
          0,
          0,
          0,
          0,
          0,
          0,
          0,
          0,
          0,
          0,
          0,
          0,
          0,
          0,
          0,
          0,
          0,
          0,
          0,
          0,
          0,
          0,
          0,
          0,
          0,
          0,
          0,
          0,
          0,
          0,
          0,
          0,
          0,
          0,
          0,
          0
        ],
        "NumMaterials": 2,
        "MaterialOffset": 128,
        "Unk02": [
          0,
          0,
          0,
          0,
          0,
          0,
          0,
          0
        ],
        "NumGroups": 2,
        "GroupOffset": 136
      },
      "Materials": [
        "0x6d64558e",
        "0x5a7ce02b"
      ],
      "Groups": [
        {
          "MaterialIdx": 0,
          "VertexOffset": 10549,
          "NumVertices": 2304,
          "IndexOffset": 19884,
          "NumIndices": 3132,
          "GroupIdx": 0
        },
        {
          "MaterialIdx": 1,
          "VertexOffset": 10549,
          "NumVertices": 2304,
          "IndexOffset": 23016,
          "NumIndices": 546,
          "GroupIdx": 1
        }
      ]
    },
    {
      "Header": {
        "Unk00": [
          0,
          0,
          0,
          0,
          0,
          0,
          0,
          0
        ],
        "Min": [
          -387.9247,
          -387.9247,
          -434.0964
        ],
        "Max": [
          387.9247,
          387.9247,
          434.8332
        ],
        "UnkFloat00": 504.2474,
        "MeshType": 393,
        "GroupBoneHash": "0x6037a727",
        "AABBTransformIndex": 72,
        "TransformIdx": 72,
        "UnkInt03": 0,
        "SkeletonMapIdx": 1,
        "LayoutIdx": 0,
        "Unk01": [
          0,
          0,
          0,
          0,
          0,
          0,
          0,
          0,
          0,
          0,
          0,
          0,
          0,
          0,
          0,
          0,
          0,
          0,
          0,
          0,
          0,
          0,
          0,
          0,
          0,
          0,
          0,
          0,
          0,
          0,
          0,
          0,
          0,
          0,
          0,
          0,
          0,
          0,
          0,
          0
        ],
        "NumMaterials": 2,
        "MaterialOffset": 128,
        "Unk02": [
          0,
          0,
          0,
          0,
          0,
          0,
          0,
          0
        ],
        "NumGroups": 2,
        "GroupOffset": 136
      },
      "Materials": [
        "0xf037dab5",
        "0xe9e44dac"
      ],
      "Groups": [
        {
          "MaterialIdx": 0,
          "VertexOffset": 6886,
          "NumVertices": 3663,
          "IndexOffset": 13077,
          "NumIndices": 6261,
          "GroupIdx": 0
        },
        {
          "MaterialIdx": 1,
          "VertexOffset": 6886,
          "NumVertices": 3663,
          "IndexOffset": 19338,
          "NumIndices": 546,
          "GroupIdx": 1
        }
      ]
    },
    {
      "Header": {
        "Unk00": [
          0,
          0,
          0,
          0,
          0,
          0,
          0,
          0
        ],
        "Min": [
          -387.9247,
          -387.9247,
          -434.0154
        ],
        "Max": [
          387.9247,
          387.9247,
          434.0154
        ],
        "UnkFloat00": 504.2474,
        "MeshType": 137,
        "GroupBoneHash": "0x666c1d67",
        "AABBTransformIndex": 73,
        "TransformIdx": 73,
        "UnkInt03": 0,
        "SkeletonMapIdx": 0,
        "LayoutIdx": 0,
        "Unk01": [
          0,
          0,
          0,
          0,
          0,
          0,
          0,
          0,
          0,
          0,
          0,
          0,
          0,
          0,
          0,
          0,
          0,
          0,
          0,
          0,
          0,
          0,
          0,
          0,
          0,
          0,
          0,
          0,
          0,
          0,
          0,
          0,
          0,
          0,
          0,
          0,
          0,
          0,
          0,
          0
        ],
        "NumMaterials": 2,
        "MaterialOffset": 128,
        "Unk02": [
          0,
          0,
          0,
          0,
          0,
          0,
          0,
          0
        ],
        "NumGroups": 2,
        "GroupOffset": 136
      },
      "Materials": [
        "0x07c2e8b9",
        "0x52399fad"
      ],
      "Groups": [
        {
          "MaterialIdx": 0,
          "VertexOffset": 0,
          "NumVertices": 6886,
          "IndexOffset": 0,
          "NumIndices": 12531,
          "GroupIdx": 0
        },
        {
          "MaterialIdx": 1,
          "VertexOffset": 0,
          "NumVertices": 6886,
          "IndexOffset": 12531,
          "NumIndices": 546,
          "GroupIdx": 1
        }
      ]
    }
  ],
  "TerrainInfos": [],
  "GroupBones": [
    "0x88146ef9",
    "0x71b3873e",
    "0x19e91f9f",
    "0x6d890ef6",
    "0x6037a727",
    "0x666c1d67"
  ],
  "MeshLayouts": [
    {
      "MagicNum0": [
        255,
        255,
        255,
        10
      ],
      "Unk00": [
        0,
        0,
        0,
        0
      ],
      "Items": [
        {
          "Type": 5,
          "Format": 4,
          "Layer": 0,
          "Unk00": [
            0,
            0,
            0,
            0,
            0,
            0,
            0,
            0
          ]
        },
        {
          "Type": 0,
          "Format": 2,
          "Layer": 0,
          "Unk00": [
            0,
            0,
            0,
            0,
            0,
            0,
            0,
            0
          ]
        },
        {
          "Type": 1,
          "Format": 30,
          "Layer": 0,
          "Unk00": [
            0,
            0,
            0,
            0,
            0,
            0,
            0,
            0
          ]
        },
        {
          "Type": 4,
          "Format": 1,
          "Layer": 0,
          "Unk00": [
            0,
            0,
            0,
            0,
            0,
            0,
            0,
            0
          ]
        },
        {
          "Type": 4,
          "Format": 1,
          "Layer": 1,
          "Unk00": [
            0,
            0,
            0,
            0,
            0,
            0,
            0,
            0
          ]
        },
        {
          "Type": 4,
          "Format": 1,
          "Layer": 2,
          "Unk00": [
            0,
            0,
            0,
            0,
            0,
            0,
            0,
            0
          ]
        },
        {
          "Type": 7,
          "Format": 35,
          "Layer": 0,
          "Unk00": [
            0,
            0,
            0,
            0,
            0,
            0,
            0,
            0
          ]
        },
        {
          "Type": 6,
          "Format": 28,
          "Layer": 0,
          "Unk00": [
            0,
            0,
            0,
            0,
            0,
            0,
            0,
            0
          ]
        },
        {
          "Type": 0,
          "Format": 0,
          "Layer": 0,
          "Unk00": [
            0,
            0,
            0,
            0,
            0,
            0,
            0,
            0
          ]
        },
        {
          "Type": 0,
          "Format": 0,
          "Layer": 0,
          "Unk00": [
            0,
            0,
            0,
            0,
            0,
            0,
            0,
            0
          ]
        },
        {
          "Type": 0,
          "Format": 0,
          "Layer": 0,
          "Unk00": [
            0,
            0,
            0,
            0,
            0,
            0,
            0,
            0
          ]
        },
        {
          "Type": 0,
          "Format": 0,
          "Layer": 0,
          "Unk00": [
            0,
            0,
            0,
            0,
            0,
            0,
            0,
            0
          ]
        },
        {
          "Type": 0,
          "Format": 0,
          "Layer": 0,
          "Unk00": [
            0,
            0,
            0,
            0,
            0,
            0,
            0,
            0
          ]
        },
        {
          "Type": 0,
          "Format": 0,
          "Layer": 0,
          "Unk00": [
            0,
            0,
            0,
            0,
            0,
            0,
            0,
            0
          ]
        },
        {
          "Type": 0,
          "Format": 0,
          "Layer": 0,
          "Unk00": [
            0,
            0,
            0,
            0,
            0,
            0,
            0,
            0
          ]
        },
        {
          "Type": 0,
          "Format": 0,
          "Layer": 0,
          "Unk00": [
            0,
            0,
            0,
            0,
            0,
            0,
            0,
            0
          ]
        }
      ],
      "NumItems": 8,
      "Unk01": [
        0,
        0,
        0,
        0
      ],
      "MagicNum1": [
        255,
        255,
        255,
        6
      ],
      "Unk02": [
        0,
        0,
        0,
        0,
        1,
        0,
        0,
        0,
        0,
        0,
        0,
        0
      ],
      "NumVertices": 14253,
      "VertexStride": 56,
      "Unk03": [
        1,
        0,
        0,
        0,
        0,
        0,
        0,
        0,
        0,
        0,
        0,
        0,
        0,
        0,
        0,
        0
      ],
      "MagicNum2": [
        255,
        255,
        255,
        7
      ],
      "Unk04": [
        0,
        0,
        0,
        0,
        1,
        0,
        0,
        0,
        0,
        0,
        0,
        0
      ],
      "NumIndices": 25671,
      "Unk05": [
        0,
        0,
        0,
        0,
        1,
        0,
        0,
        0,
        0,
        0,
        0,
        0,
        0,
        0,
        0,
        0,
        0,
        0,
        0,
        0
      ],
      "VertexOffset": 0,
      "PositionsSize": 798176,
      "IndexOffset": 798176,
      "IndicesSize": 51342,
      "Unk06": [
        0,
        0,
        0,
        0,
        0,
        0,
        0,
        0,
        0,
        0,
        0,
        0,
        0,
        0,
        0,
        0
      ]
    },
    {
      "MagicNum0": [
        255,
        255,
        255,
        10
      ],
      "Unk00": [
        0,
        0,
        0,
        0
      ],
      "Items": [
        {
          "Type": 5,
          "Format": 4,
          "Layer": 0,
          "Unk00": [
            0,
            0,
            0,
            0,
            0,
            0,
            0,
            0
          ]
        },
        {
          "Type": 0,
          "Format": 2,
          "Layer": 0,
          "Unk00": [
            0,
            0,
            0,
            0,
            0,
            0,
            0,
            0
          ]
        },
        {
          "Type": 1,
          "Format": 30,
          "Layer": 0,
          "Unk00": [
            0,
            0,
            0,
            0,
            0,
            0,
            0,
            0
          ]
        },
        {
          "Type": 4,
          "Format": 1,
          "Layer": 0,
          "Unk00": [
            0,
            0,
            0,
            0,
            0,
            0,
            0,
            0
          ]
        },
        {
          "Type": 4,
          "Format": 1,
          "Layer": 1,
          "Unk00": [
            0,
            0,
            0,
            0,
            0,
            0,
            0,
            0
          ]
        },
        {
          "Type": 4,
          "Format": 1,
          "Layer": 2,
          "Unk00": [
            0,
            0,
            0,
            0,
            0,
            0,
            0,
            0
          ]
        },
        {
          "Type": 7,
          "Format": 35,
          "Layer": 0,
          "Unk00": [
            0,
            0,
            0,
            0,
            0,
            0,
            0,
            0
          ]
        },
        {
          "Type": 6,
          "Format": 28,
          "Layer": 0,
          "Unk00": [
            0,
            0,
            0,
            0,
            0,
            0,
            0,
            0
          ]
        },
        {
          "Type": 0,
          "Format": 0,
          "Layer": 0,
          "Unk00": [
            0,
            0,
            0,
            0,
            0,
            0,
            0,
            0
          ]
        },
        {
          "Type": 0,
          "Format": 0,
          "Layer": 0,
          "Unk00": [
            0,
            0,
            0,
            0,
            0,
            0,
            0,
            0
          ]
        },
        {
          "Type": 0,
          "Format": 0,
          "Layer": 0,
          "Unk00": [
            0,
            0,
            0,
            0,
            0,
            0,
            0,
            0
          ]
        },
        {
          "Type": 0,
          "Format": 0,
          "Layer": 0,
          "Unk00": [
            0,
            0,
            0,
            0,
            0,
            0,
            0,
            0
          ]
        },
        {
          "Type": 0,
          "Format": 0,
          "Layer": 0,
          "Unk00": [
            0,
            0,
            0,
            0,
            0,
            0,
            0,
            0
          ]
        },
        {
          "Type": 0,
          "Format": 0,
          "Layer": 0,
          "Unk00": [
            0,
            0,
            0,
            0,
            0,
            0,
            0,
            0
          ]
        },
        {
          "Type": 0,
          "Format": 0,
          "Layer": 0,
          "Unk00": [
            0,
            0,
            0,
            0,
            0,
            0,
            0,
            0
          ]
        },
        {
          "Type": 0,
          "Format": 0,
          "Layer": 0,
          "Unk00": [
            0,
            0,
            0,
            0,
            0,
            0,
            0,
            0
          ]
        }
      ],
      "NumItems": 8,
      "Unk01": [
        0,
        0,
        0,
        0
      ],
      "MagicNum1": [
        255,
        255,
        255,
        6
      ],
      "Unk02": [
        0,
        0,
        0,
        0,
        1,
        0,
        0,
        0,
        0,
        0,
        0,
        0
      ],
      "NumVertices": 4299,
      "VertexStride": 56,
      "Unk03": [
        1,
        0,
        0,
        0,
        0,
        0,
        0,
        0,
        0,
        0,
        0,
        0,
        0,
        0,
        0,
        0
      ],
      "MagicNum2": [
        255,
        255,
        255,
        7
      ],
      "Unk04": [
        0,
        0,
        0,
        0,
        1,
        0,
        0,
        0,
        0,
        0,
        0,
        0
      ],
      "NumIndices": 7044,
      "Unk05": [
        0,
        0,
        0,
        0,
        1,
        0,
        0,
        0,
        0,
        0,
        0,
        0,
        0,
        0,
        0,
        0,
        0,
        0,
        0,
        0
      ],
      "VertexOffset": 849518,
      "PositionsSize": 240754,
      "IndexOffset": 1090272,
      "IndicesSize": 14088,
      "Unk06": [
        0,
        0,
        0,
        0,
        0,
        0,
        0,
        0,
        0,
        0,
        0,
        0,
        0,
        0,
        0,
        0
      ]
    }
  ]
}
FILE ../cheat-arrows/Low-bd6f4de16b9aedcd.bin
{
  "BonesHash": "0x0000000000000000",
  "StateMachine": "0x0000000000000000",
  "GeometryGroup": "0x0000000000000000",
  "LODGroups": [
    {
      "Header": {
        "Unk00": 1,
        "UnkHash00": "0x315cd161",
        "Unk01": 0
      },
      "Entries": [
        {
          "Detail": {
            "Max": 1,
            "Min": 0.07911796
          },
          "Indices": [
            7
          ]
        },
        {
          "Detail": {
            "Max": 0.07911796,
            "Min": 0.05539883
          },
          "Indices": [
            6
          ]
        },
        {
          "Detail": {
            "Max": 0.05539883,
            "Min": 0.02374781
          },
          "Indices": [
            5
          ]
        },
        {
          "Detail": {
            "Max": 0.02374781,
            "Min": 0.015832325
          },
          "Indices": [
            4
          ]
        },
        {
          "Detail": {
            "Max": 0.015832325,
            "Min": 0.007916299
          },
          "Indices": [
            3
          ]
        }
      ],
      "Footers": [
        {
          "MinMax": [
            -0.15489598,
            -0.39415675,
            0.000028533936,
            0.29034883,
            0.23720926,
            0.19805856
          ],
          "UnkFloat00": 0.40607598,
          "Unk00": 19,
          "UnkFloat01": 1,
          "Unk01": 0
        }
      ]
    },
    {
      "Header": {
        "Unk00": 2,
        "UnkHash00": "0x0c5bc110",
        "Unk01": 0
      },
      "Entries": [
        {
          "Detail": {
            "Max": 1,
            "Min": 0.49960694
          },
          "Indices": [
            2
          ]
        },
        {
          "Detail": {
            "Max": 0.49960694,
            "Min": 0.25538546
          },
          "Indices": [
            1
          ]
        },
        {
          "Detail": {
            "Max": 0.25538546,
            "Min": 0
          },
          "Indices": [
            0
          ]
        }
      ],
      "Footers": [
        {
          "MinMax": [
            -0.15747827,
            -0.21285026,
            -0.39979514,
            0.3170679,
            0.011139322,
            0.23826404
          ],
          "UnkFloat00": 0.41306326,
          "Unk00": 3,
          "UnkFloat01": 1,
          "Unk01": 0
        }
      ]
    }
  ],
  "SkeletonMaps": [],
  "Bones": [
    {
      "NameHash": "0x4a182741",
      "Index": 0,
      "ParentIndex": 0,
      "Increment": 0,
      "Transform": {
        "Rotation": [
          1,
          0,
          0,
          0,
          1,
          0,
          0,
          0,
          1
        ],
        "Translation": [
          0,
          0,
          0
        ],
        "Scale": [
          1,
          1,
          1
        ],
        "Skew": 0
      },
      "Matrix": [
        1,
        0,
        0,
        0,
        0,
        1,
        0,
        0,
        0,
        0,
        1,
        0,
        0,
        0,
        0,
        1
      ],
      "Children": [
        1,
        20
      ]
    },
    {
      "NameHash": "0x7f30e61c",
      "Index": 1,
      "ParentIndex": 0,
      "Increment": 1,
      "Transform": {
        "Rotation": [
          1,
          0,
          0,
          0,
          3.4228542e-8,
          0.99999994,
          0,
          -0.99999994,
          3.4228542e-8
        ],
        "Translation": [
          0,
          0,
          0
        ],
        "Scale": [
          1,
          0.9999996,
          0.9999996
        ],
        "Skew": 0
      },
      "Matrix": [
        1,
        0,
        0,
        0,
        0,
        3.4228528e-8,
        0.9999995,
        0,
        0,
        -0.9999995,
        3.4228528e-8,
        0,
        0,
        0,
        0,
        1
      ],
      "Children": [
        2
      ]
    },
    {
      "NameHash": "0x9970ecbb",
      "Index": 2,
      "ParentIndex": 1,
      "Increment": 1,
      "Transform": {
        "Rotation": [
          1,
          0,
          -0,
          -0,
          3.4228542e-8,
          -0.99999994,
          0,
          0.99999994,
          3.4228542e-8
        ],
        "Translation": [
          0,
          0,
          0
        ],
        "Scale": [
          1,
          1,
          1
        ],
        "Skew": 0
      },
      "Matrix": [
        1,
        0,
        0,
        0,
        0,
        1,
        0,
        0,
        0,
        0,
        1,
        0,
        0,
        0,
        0,
        1
      ],
      "Children": [
        3,
        7,
        8,
        9,
        10,
        11,
        12,
        13,
        14
      ]
    },
    {
      "NameHash": "0x1d667f2e",
      "Index": 3,
      "ParentIndex": 2,
      "Increment": 1,
      "Transform": {
        "Rotation": [
          1,
          0,
          0,
          0,
          1,
          0,
          0,
          0,
          1
        ],
        "Translation": [
          0,
          0,
          0
        ],
        "Scale": [
          1,
          1,
          1
        ],
        "Skew": 0
      },
      "Matrix": [
        1,
        0,
        0,
        0,
        0,
        1,
        0,
        0,
        0,
        0,
        1,
        0,
        0,
        0,
        0,
        1
      ],
      "Children": [
        4,
        5,
        6
      ]
    },
    {
      "NameHash": "0x7c42326f",
      "Index": 4,
      "ParentIndex": 3,
      "Increment": 1,
      "Transform": {
        "Rotation": [
          1,
          0,
          0,
          0,
          1,
          0,
          0,
          0,
          1
        ],
        "Translation": [
          0,
          0,
          0
        ],
        "Scale": [
          1,
          1,
          1
        ],
        "Skew": 0
      },
      "Matrix": [
        1,
        0,
        0,
        0,
        0,
        1,
        0,
        0,
        0,
        0,
        1,
        0,
        0,
        0,
        0,
        1
      ],
      "Children": null
    },
    {
      "NameHash": "0xd2c27ef8",
      "Index": 5,
      "ParentIndex": 3,
      "Increment": 1,
      "Transform": {
        "Rotation": [
          1,
          0,
          0,
          0,
          1,
          0,
          0,
          0,
          1
        ],
        "Translation": [
          0,
          0,
          0
        ],
        "Scale": [
          1,
          1,
          1
        ],
        "Skew": 0
      },
      "Matrix": [
        1,
        0,
        0,
        0,
        0,
        1,
        0,
        0,
        0,
        0,
        1,
        0,
        0,
        0,
        0,
        1
      ],
      "Children": null
    },
    {
      "NameHash": "0x9118a9ce",
      "Index": 6,
      "ParentIndex": 3,
      "Increment": 1,
      "Transform": {
        "Rotation": [
          1,
          0,
          0,
          0,
          1,
          0,
          0,
          0,
          1
        ],
        "Translation": [
          0,
          0,
          0
        ],
        "Scale": [
          1,
          1,
          1
        ],
        "Skew": 0
      },
      "Matrix": [
        1,
        0,
        0,
        0,
        0,
        1,
        0,
        0,
        0,
        0,
        1,
        0,
        0,
        0,
        0,
        1
      ],
      "Children": null
    },
    {
      "NameHash": "0x33718a1f",
      "Index": 7,
      "ParentIndex": 2,
      "Increment": 1,
      "Transform": {
        "Rotation": [
          1,
          0,
          0,
          0,
          1,
          0,
          0,
          0,
          1
        ],
        "Translation": [
          0,
          0,
          0
        ],
        "Scale": [
          1,
          1,
          1
        ],
        "Skew": 0
      },
      "Matrix": [
        1,
        0,
        0,
        0,
        0,
        1,
        0,
        0,
        0,
        0,
        1,
        0,
        0,
        0,
        0,
        1
      ],
      "Children": null
    },
    {
      "NameHash": "0xe76094db",
      "Index": 8,
      "ParentIndex": 2,
      "Increment": 1,
      "Transform": {
        "Rotation": [
          1,
          0,
          0,
          0,
          1,
          0,
          0,
          0,
          1
        ],
        "Translation": [
          0,
          0,
          0
        ],
        "Scale": [
          1,
          1,
          1
        ],
        "Skew": 0
      },
      "Matrix": [
        1,
        0,
        0,
        0,
        0,
        1,
        0,
        0,
        0,
        0,
        1,
        0,
        0,
        0,
        0,
        1
      ],
      "Children": null
    },
    {
      "NameHash": "0xa50d5f0a",
      "Index": 9,
      "ParentIndex": 2,
      "Increment": 1,
      "Transform": {
        "Rotation": [
          1,
          0,
          0,
          0,
          1,
          0,
          0,
          0,
          1
        ],
        "Translation": [
          0,
          0,
          0
        ],
        "Scale": [
          1,
          1,
          1
        ],
        "Skew": 0
      },
      "Matrix": [
        1,
        0,
        0,
        0,
        0,
        1,
        0,
        0,
        0,
        0,
        1,
        0,
        0,
        0,
        0,
        1
      ],
      "Children": null
    },
    {
      "NameHash": "0x84142745",
      "Index": 10,
      "ParentIndex": 2,
      "Increment": 1,
      "Transform": {
        "Rotation": [
          1,
          0,
          0,
          0,
          1,
          0,
          0,
          0,
          1
        ],
        "Translation": [
          0,
          0,
          0
        ],
        "Scale": [
          1,
          1,
          1
        ],
        "Skew": 0
      },
      "Matrix": [
        1,
        0,
        0,
        0,
        0,
        1,
        0,
        0,
        0,
        0,
        1,
        0,
        0,
        0,
        0,
        1
      ],
      "Children": null
    },
    {
      "NameHash": "0x7025c7ac",
      "Index": 11,
      "ParentIndex": 2,
      "Increment": 1,
      "Transform": {
        "Rotation": [
          1,
          0,
          0,
          0,
          1,
          0,
          0,
          0,
          1
        ],
        "Translation": [
          0,
          0,
          0
        ],
        "Scale": [
          1,
          1,
          1
        ],
        "Skew": 0
      },
      "Matrix": [
        1,
        0,
        0,
        0,
        0,
        1,
        0,
        0,
        0,
        0,
        1,
        0,
        0,
        0,
        0,
        1
      ],
      "Children": null
    },
    {
      "NameHash": "0x74b803fa",
      "Index": 12,
      "ParentIndex": 2,
      "Increment": 1,
      "Transform": {
        "Rotation": [
          1,
          0,
          0,
          0,
          1,
          0,
          0,
          0,
          1
        ],
        "Translation": [
          0,
          0,
          0
        ],
        "Scale": [
          1,
          1,
          1
        ],
        "Skew": 0
      },
      "Matrix": [
        1,
        0,
        0,
        0,
        0,
        1,
        0,
        0,
        0,
        0,
        1,
        0,
        0,
        0,
        0,
        1
      ],
      "Children": null
    },
    {
      "NameHash": "0xa3d491d1",
      "Index": 13,
      "ParentIndex": 2,
      "Increment": 1,
      "Transform": {
        "Rotation": [
          1,
          0,
          0,
          0,
          1,
          0,
          0,
          0,
          1
        ],
        "Translation": [
          0,
          0,
          0
        ],
        "Scale": [
          1,
          1,
          1
        ],
        "Skew": 0
      },
      "Matrix": [
        1,
        0,
        0,
        0,
        0,
        1,
        0,
        0,
        0,
        0,
        1,
        0,
        0,
        0,
        0,
        1
      ],
      "Children": null
    },
    {
      "NameHash": "0x315cd161",
      "Index": 14,
      "ParentIndex": 2,
      "Increment": 1,
      "Transform": {
        "Rotation": [
          1,
          0,
          0,
          0,
          1,
          0,
          0,
          0,
          1
        ],
        "Translation": [
          0,
          0,
          0
        ],
        "Scale": [
          1,
          1,
          1
        ],
        "Skew": 0
      },
      "Matrix": [
        1,
        0,
        0,
        0,
        0,
        1,
        0,
        0,
        0,
        0,
        1,
        0,
        0,
        0,
        0,
        1
      ],
      "Children": [
        15,
        16,
        17,
        18,
        19
      ]
    },
    {
      "NameHash": "0xd9096356",
      "Index": 15,
      "ParentIndex": 14,
      "Increment": 1,
      "Transform": {
        "Rotation": [
          1,
          0,
          0,
          0,
          1,
          0,
          0,
          0,
          1
        ],
        "Translation": [
          0,
          0,
          0
        ],
        "Scale": [
          1,
          1,
          1
        ],
        "Skew": 0
      },
      "Matrix": [
        1,
        0,
        0,
        0,
        0,
        1,
        0,
        0,
        0,
        0,
        1,
        0,
        0,
        0,
        0,
        1
      ],
      "Children": null
    },
    {
      "NameHash": "0x681fff19",
      "Index": 16,
      "ParentIndex": 14,
      "Increment": 1,
      "Transform": {
        "Rotation": [
          1,
          0,
          0,
          0,
          1,
          0,
          0,
          0,
          1
        ],
        "Translation": [
          0,
          0,
          0
        ],
        "Scale": [
          1,
          1,
          1
        ],
        "Skew": 0
      },
      "Matrix": [
        1,
        0,
        0,
        0,
        0,
        1,
        0,
        0,
        0,
        0,
        1,
        0,
        0,
        0,
        0,
        1
      ],
      "Children": null
    },
    {
      "NameHash": "0x9a018e5d",
      "Index": 17,
      "ParentIndex": 14,
      "Increment": 1,
      "Transform": {
        "Rotation": [
          1,
          0,
          0,
          0,
          1,
          0,
          0,
          0,
          1
        ],
        "Translation": [
          0,
          0,
          0
        ],
        "Scale": [
          1,
          1,
          1
        ],
        "Skew": 0
      },
      "Matrix": [
        1,
        0,
        0,
        0,
        0,
        1,
        0,
        0,
        0,
        0,
        1,
        0,
        0,
        0,
        0,
        1
      ],
      "Children": null
    },
    {
      "NameHash": "0x23039494",
      "Index": 18,
      "ParentIndex": 14,
      "Increment": 1,
      "Transform": {
        "Rotation": [
          1,
          0,
          0,
          0,
          1,
          0,
          0,
          0,
          1
        ],
        "Translation": [
          0,
          0,
          0
        ],
        "Scale": [
          1,
          1,
          1
        ],
        "Skew": 0
      },
      "Matrix": [
        1,
        0,
        0,
        0,
        0,
        1,
        0,
        0,
        0,
        0,
        1,
        0,
        0,
        0,
        0,
        1
      ],
      "Children": null
    },
    {
      "NameHash": "0x640c63c6",
      "Index": 19,
      "ParentIndex": 14,
      "Increment": 1,
      "Transform": {
        "Rotation": [
          1,
          0,
          0,
          0,
          1,
          0,
          0,
          0,
          1
        ],
        "Translation": [
          0,
          0,
          0
        ],
        "Scale": [
          1,
          1,
          1
        ],
        "Skew": 0
      },
      "Matrix": [
        1,
        0,
        0,
        0,
        0,
        1,
        0,
        0,
        0,
        0,
        1,
        0,
        0,
        0,
        0,
        1
      ],
      "Children": null
    },
    {
      "NameHash": "0xe4a4586d",
      "Index": 20,
      "ParentIndex": 0,
      "Increment": 1,
      "Transform": {
        "Rotation": [
          1,
          0,
          0,
          0,
          1,
          0,
          0,
          0,
          1
        ],
        "Translation": [
          0.06325513,
          -0.07835306,
          0.087130524
        ],
        "Scale": [
          1,
          1,
          1
        ],
        "Skew": 0
      },
      "Matrix": [
        1,
        0,
        0,
        0,
        0,
        1,
        0,
        0,
        0,
        0,
        1,
        0,
        0.06325513,
        -0.07835306,
        0.087130524,
        1
      ],
      "Children": null
    }
  ],
  "JointTransformMatrices": [
    [
      [
        1,
        0,
        0,
        0
      ],
      [
        0,
        1,
        0,
        0
      ],
      [
        0,
        0,
        1,
        0
      ],
      [
        0,
        0,
        0,
        1
      ]
    ],
    [
      [
        1,
        0,
        0,
        0
      ],
      [
        0,
        3.4228528e-8,
        0.9999995,
        0
      ],
      [
        0,
        -0.9999995,
        3.4228528e-8,
        0
      ],
      [
        0,
        0,
        0,
        1
      ]
    ],
    [
      [
        1,
        0,
        0,
        0
      ],
      [
        0,
        1,
        0,
        0
      ],
      [
        0,
        0,
        1,
        0
      ],
      [
        0,
        0,
        0,
        1
      ]
    ],
    [
      [
        1,
        0,
        0,
        0
      ],
      [
        0,
        1,
        0,
        0
      ],
      [
        0,
        0,
        1,
        0
      ],
      [
        0,
        0,
        0,
        1
      ]
    ],
    [
      [
        1,
        0,
        0,
        0
      ],
      [
        0,
        1,
        0,
        0
      ],
      [
        0,
        0,
        1,
        0
      ],
      [
        0,
        0,
        0,
        1
      ]
    ],
    [
      [
        1,
        0,
        0,
        0
      ],
      [
        0,
        1,
        0,
        0
      ],
      [
        0,
        0,
        1,
        0
      ],
      [
        0,
        0,
        0,
        1
      ]
    ],
    [
      [
        1,
        0,
        0,
        0
      ],
      [
        0,
        1,
        0,
        0
      ],
      [
        0,
        0,
        1,
        0
      ],
      [
        0,
        0,
        0,
        1
      ]
    ],
    [
      [
        1,
        0,
        0,
        0
      ],
      [
        0,
        1,
        0,
        0
      ],
      [
        0,
        0,
        1,
        0
      ],
      [
        0,
        0,
        0,
        1
      ]
    ],
    [
      [
        1,
        0,
        0,
        0
      ],
      [
        0,
        1,
        0,
        0
      ],
      [
        0,
        0,
        1,
        0
      ],
      [
        0,
        0,
        0,
        1
      ]
    ],
    [
      [
        1,
        0,
        0,
        0
      ],
      [
        0,
        1,
        0,
        0
      ],
      [
        0,
        0,
        1,
        0
      ],
      [
        0,
        0,
        0,
        1
      ]
    ],
    [
      [
        1,
        0,
        0,
        0
      ],
      [
        0,
        1,
        0,
        0
      ],
      [
        0,
        0,
        1,
        0
      ],
      [
        0,
        0,
        0,
        1
      ]
    ],
    [
      [
        1,
        0,
        0,
        0
      ],
      [
        0,
        1,
        0,
        0
      ],
      [
        0,
        0,
        1,
        0
      ],
      [
        0,
        0,
        0,
        1
      ]
    ],
    [
      [
        1,
        0,
        0,
        0
      ],
      [
        0,
        1,
        0,
        0
      ],
      [
        0,
        0,
        1,
        0
      ],
      [
        0,
        0,
        0,
        1
      ]
    ],
    [
      [
        1,
        0,
        0,
        0
      ],
      [
        0,
        1,
        0,
        0
      ],
      [
        0,
        0,
        1,
        0
      ],
      [
        0,
        0,
        0,
        1
      ]
    ],
    [
      [
        1,
        0,
        0,
        0
      ],
      [
        0,
        1,
        0,
        0
      ],
      [
        0,
        0,
        1,
        0
      ],
      [
        0,
        0,
        0,
        1
      ]
    ],
    [
      [
        1,
        0,
        0,
        0
      ],
      [
        0,
        1,
        0,
        0
      ],
      [
        0,
        0,
        1,
        0
      ],
      [
        0,
        0,
        0,
        1
      ]
    ],
    [
      [
        1,
        0,
        0,
        0
      ],
      [
        0,
        1,
        0,
        0
      ],
      [
        0,
        0,
        1,
        0
      ],
      [
        0,
        0,
        0,
        1
      ]
    ],
    [
      [
        1,
        0,
        0,
        0
      ],
      [
        0,
        1,
        0,
        0
      ],
      [
        0,
        0,
        1,
        0
      ],
      [
        0,
        0,
        0,
        1
      ]
    ],
    [
      [
        1,
        0,
        0,
        0
      ],
      [
        0,
        1,
        0,
        0
      ],
      [
        0,
        0,
        1,
        0
      ],
      [
        0,
        0,
        0,
        1
      ]
    ],
    [
      [
        1,
        0,
        0,
        0
      ],
      [
        0,
        1,
        0,
        0
      ],
      [
        0,
        0,
        1,
        0
      ],
      [
        0,
        0,
        0,
        1
      ]
    ],
    [
      [
        1,
        0,
        0,
        0
      ],
      [
        0,
        1,
        0,
        0
      ],
      [
        0,
        0,
        1,
        0
      ],
      [
        0.06325513,
        -0.07835306,
        0.087130524,
        1
      ]
    ]
  ],
  "Lights": [],
  "Materials": {
    "0x03442404": "0x5095f21762c7bbba",
    "0x3aca8773": "0x234d69e0109c4481",
    "0x3e3f9778": "0x234d69e0109c4481",
    "0x3fb9bb9b": "0x234d69e0109c4481",
    "0x405090b8": "0x5990e5efbca8ae21",
    "0x7247f55c": "0x234d69e0109c4481",
    "0x73e6b8dc": "0x5095f21762c7bbba",
    "0x7838b885": "0x234d69e0109c4481",
    "0x7da4ca41": "0x5095f21762c7bbba",
    "0x84627214": "0x5095f21762c7bbba",
    "0xaf6d531e": "0x5990e5efbca8ae21",
    "0xbb0c96e0": "0x5095f21762c7bbba",
    "0xda419d8f": "0x5990e5efbca8ae21"
  },
  "NumMeshes": 8,
  "MeshInfos": [
    {
      "Header": {
        "Unk00": [
          0,
          0,
          0,
          0,
          0,
          0,
          0,
          0
        ],
        "Min": [
          -0.15747827,
          -0.21285026,
          -0.39979514
        ],
        "Max": [
          0.3170679,
          0.011139322,
          0.15983745
        ],
        "UnkFloat00": 0.40413162,
        "MeshType": 10,
        "GroupBoneHash": "0x7c42326f",
        "AABBTransformIndex": 4,
        "TransformIdx": 4,
        "UnkInt03": 0,
        "SkeletonMapIdx": -1,
        "LayoutIdx": 1,
        "Unk01": [
          0,
          0,
          0,
          0,
          0,
          0,
          0,
          0,
          0,
          0,
          0,
          0,
          0,
          0,
          0,
          0,
          0,
          0,
          0,
          0,
          0,
          0,
          0,
          0,
          0,
          0,
          0,
          0,
          0,
          0,
          0,
          0,
          0,
          0,
          0,
          0,
          0,
          0,
          0,
          0
        ],
        "NumMaterials": 1,
        "MaterialOffset": 128,
        "Unk02": [
          0,
          0,
          0,
          0,
          0,
          0,
          0,
          0
        ],
        "NumGroups": 1,
        "GroupOffset": 132
      },
      "Materials": [
        "0xaf6d531e"
      ],
      "Groups": [
        {
          "MaterialIdx": 0,
          "VertexOffset": 2979,
          "NumVertices": 128,
          "IndexOffset": 14922,
          "NumIndices": 294,
          "GroupIdx": 0
        }
      ]
    },
    {
      "Header": {
        "Unk00": [
          0,
          0,
          0,
          0,
          0,
          0,
          0,
          0
        ],
        "Min": [
          -0.1561533,
          -0.2006246,
          -0.39649242
        ],
        "Max": [
          0.28990752,
          0.0026591967,
          0.23789014
        ],
        "UnkFloat00": 0.4082956,
        "MeshType": 10,
        "GroupBoneHash": "0xd2c27ef8",
        "AABBTransformIndex": 5,
        "TransformIdx": 5,
        "UnkInt03": 0,
        "SkeletonMapIdx": -1,
        "LayoutIdx": 1,
        "Unk01": [
          0,
          0,
          0,
          0,
          0,
          0,
          0,
          0,
          0,
          0,
          0,
          0,
          0,
          0,
          0,
          0,
          0,
          0,
          0,
          0,
          0,
          0,
          0,
          0,
          0,
          0,
          0,
          0,
          0,
          0,
          0,
          0,
          0,
          0,
          0,
          0,
          0,
          0,
          0,
          0
        ],
        "NumMaterials": 1,
        "MaterialOffset": 128,
        "Unk02": [
          0,
          0,
          0,
          0,
          0,
          0,
          0,
          0
        ],
        "NumGroups": 1,
        "GroupOffset": 132
      },
      "Materials": [
        "0x405090b8"
      ],
      "Groups": [
        {
          "MaterialIdx": 0,
          "VertexOffset": 2325,
          "NumVertices": 654,
          "IndexOffset": 11940,
          "NumIndices": 2982,
          "GroupIdx": 0
        }
      ]
    },
    {
      "Header": {
        "Unk00": [
          0,
          0,
          0,
          0,
          0,
          0,
          0,
          0
        ],
        "Min": [
          -0.15595163,
          -0.19915363,
          -0.39509964
        ],
        "Max": [
          0.29031432,
          0.0026860402,
          0.23826404
        ],
        "UnkFloat00": 0.40729997,
        "MeshType": 10,
        "GroupBoneHash": "0x9118a9ce",
        "AABBTransformIndex": 6,
        "TransformIdx": 6,
        "UnkInt03": 0,
        "SkeletonMapIdx": -1,
        "LayoutIdx": 1,
        "Unk01": [
          0,
          0,
          0,
          0,
          0,
          0,
          0,
          0,
          0,
          0,
          0,
          0,
          0,
          0,
          0,
          0,
          0,
          0,
          0,
          0,
          0,
          0,
          0,
          0,
          0,
          0,
          0,
          0,
          0,
          0,
          0,
          0,
          0,
          0,
          0,
          0,
          0,
          0,
          0,
          0
        ],
        "NumMaterials": 1,
        "MaterialOffset": 128,
        "Unk02": [
          0,
          0,
          0,
          0,
          0,
          0,
          0,
          0
        ],
        "NumGroups": 1,
        "GroupOffset": 132
      },
      "Materials": [
        "0xda419d8f"
      ],
      "Groups": [
        {
          "MaterialIdx": 0,
          "VertexOffset": 0,
          "NumVertices": 2325,
          "IndexOffset": 0,
          "NumIndices": 11940,
          "GroupIdx": 0
        }
      ]
    },
    {
      "Header": {
        "Unk00": [
          0,
          0,
          0,
          0,
          0,
          0,
          0,
          0
        ],
        "Min": [
          -0.15489598,
          -0.38972166,
          0.000028533936
        ],
        "Max": [
          0.2901469,
          0.2366489,
          0.19805656
        ],
        "UnkFloat00": 0.39767998,
        "MeshType": 9,
        "GroupBoneHash": "0xd9096356",
        "AABBTransformIndex": 15,
        "TransformIdx": 15,
        "UnkInt03": 0,
        "SkeletonMapIdx": -1,
        "LayoutIdx": 0,
        "Unk01": [
          0,
          0,
          0,
          0,
          0,
          0,
          0,
          0,
          0,
          0,
          0,
          0,
          0,
          0,
          0,
          0,
          0,
          0,
          0,
          0,
          0,
          0,
          0,
          0,
          0,
          0,
          0,
          0,
          0,
          0,
          0,
          0,
          0,
          0,
          0,
          0,
          0,
          0,
          0,
          0
        ],
        "NumMaterials": 2,
        "MaterialOffset": 128,
        "Unk02": [
          0,
          0,
          0,
          0,
          0,
          0,
          0,
          0
        ],
        "NumGroups": 2,
        "GroupOffset": 136
      },
      "Materials": [
        "0x7838b885",
        "0xbb0c96e0"
      ],
      "Groups": [
        {
          "MaterialIdx": 0,
          "VertexOffset": 14253,
          "NumVertices": 862,
          "IndexOffset": 25671,
          "NumIndices": 783,
          "GroupIdx": 0
        },
        {
          "MaterialIdx": 1,
          "VertexOffset": 14253,
          "NumVertices": 862,
          "IndexOffset": 26454,
          "NumIndices": 546,
          "GroupIdx": 1
        }
      ]
    },
    {
      "Header": {
        "Unk00": [
          0,
          0,
          0,
          0,
          0,
          0,
          0,
          0
        ],
        "Min": [
          -0.15489598,
          -0.39384094,
          0.000028533936
        ],
        "Max": [
          0.2901469,
          0.23674154,
          0.19805855
        ],
        "UnkFloat00": 0.40607598,
        "MeshType": 9,
        "GroupBoneHash": "0x681fff19",
        "AABBTransformIndex": 16,
        "TransformIdx": 16,
        "UnkInt03": 0,
        "SkeletonMapIdx": -1,
        "LayoutIdx": 0,
        "Unk01": [
          0,
          0,
          0,
          0,
          0,
          0,
          0,
          0,
          0,
          0,
          0,
          0,
          0,
          0,
          0,
          0,
          0,
          0,
          0,
          0,
          0,
          0,
          0,
          0,
          0,
          0,
          0,
          0,
          0,
          0,
          0,
          0,
          0,
          0,
          0,
          0,
          0,
          0,
          0,
          0
        ],
        "NumMaterials": 2,
        "MaterialOffset": 128,
        "Unk02": [
          0,
          0,
          0,
          0,
          0,
          0,
          0,
          0
        ],
        "NumGroups": 2,
        "GroupOffset": 136
      },
      "Materials": [
        "0x3e3f9778",
        "0x73e6b8dc"
      ],
      "Groups": [
        {
          "MaterialIdx": 0,
          "VertexOffset": 12853,
          "NumVertices": 1400,
          "IndexOffset": 23562,
          "NumIndices": 1563,
          "GroupIdx": 0
        },
        {
          "MaterialIdx": 1,
          "VertexOffset": 12853,
          "NumVertices": 1400,
          "IndexOffset": 25125,
          "NumIndices": 546,
          "GroupIdx": 1
        }
      ]
    },
    {
      "Header": {
        "Unk00": [
          0,
          0,
          0,
          0,
          0,
          0,
          0,
          0
        ],
        "Min": [
          -0.15489598,
          -0.39384094,
          0.000028533936
        ],
        "Max": [
          0.29034883,
          0.23720926,
          0.19805808
        ],
        "UnkFloat00": 0.40607598,
        "MeshType": 9,
        "GroupBoneHash": "0x9a018e5d",
        "AABBTransformIndex": 17,
        "TransformIdx": 17,
        "UnkInt03": 0,
        "SkeletonMapIdx": -1,
        "LayoutIdx": 0,
        "Unk01": [
          0,
          0,
          0,
          0,
          0,
          0,
          0,
          0,
          0,
          0,
          0,
          0,
          0,
          0,
          0,
          0,
          0,
          0,
          0,
          0,
          0,
          0,
          0,
          0,
          0,
          0,
          0,
          0,
          0,
          0,
          0,
          0,
          0,
          0,
          0,
          0,
          0,
          0,
          0,
          0
        ],
        "NumMaterials": 2,
        "MaterialOffset": 128,
        "Unk02": [
          0,
          0,
          0,
          0,
          0,
          0,
          0,
          0
        ],
        "NumGroups": 2,
        "GroupOffset": 136
      },
      "Materials": [
        "0x7247f55c",
        "0x03442404"
      ],
      "Groups": [
        {
          "MaterialIdx": 0,
          "VertexOffset": 10549,
          "NumVertices": 2304,
          "IndexOffset": 19884,
          "NumIndices": 3132,
          "GroupIdx": 0
        },
        {
          "MaterialIdx": 1,
          "VertexOffset": 10549,
          "NumVertices": 2304,
          "IndexOffset": 23016,
          "NumIndices": 546,
          "GroupIdx": 1
        }
      ]
    },
    {
      "Header": {
        "Unk00": [
          0,
          0,
          0,
          0,
          0,
          0,
          0,
          0
        ],
        "Min": [
          -0.15489598,
          -0.39415675,
          0.000028533936
        ],
        "Max": [
          0.29034883,
          0.23720926,
          0.19805855
        ],
        "UnkFloat00": 0.40607598,
        "MeshType": 9,
        "GroupBoneHash": "0x23039494",
        "AABBTransformIndex": 18,
        "TransformIdx": 18,
        "UnkInt03": 0,
        "SkeletonMapIdx": -1,
        "LayoutIdx": 0,
        "Unk01": [
          0,
          0,
          0,
          0,
          0,
          0,
          0,
          0,
          0,
          0,
          0,
          0,
          0,
          0,
          0,
          0,
          0,
          0,
          0,
          0,
          0,
          0,
          0,
          0,
          0,
          0,
          0,
          0,
          0,
          0,
          0,
          0,
          0,
          0,
          0,
          0,
          0,
          0,
          0,
          0
        ],
        "NumMaterials": 2,
        "MaterialOffset": 128,
        "Unk02": [
          0,
          0,
          0,
          0,
          0,
          0,
          0,
          0
        ],
        "NumGroups": 2,
        "GroupOffset": 136
      },
      "Materials": [
        "0x3fb9bb9b",
        "0x84627214"
      ],
      "Groups": [
        {
          "MaterialIdx": 0,
          "VertexOffset": 6886,
          "NumVertices": 3663,
          "IndexOffset": 13077,
          "NumIndices": 6261,
          "GroupIdx": 0
        },
        {
          "MaterialIdx": 1,
          "VertexOffset": 6886,
          "NumVertices": 3663,
          "IndexOffset": 19338,
          "NumIndices": 546,
          "GroupIdx": 1
        }
      ]
    },
    {
      "Header": {
        "Unk00": [
          0,
          0,
          0,
          0,
          0,
          0,
          0,
          0
        ],
        "Min": [
          -0.15489598,
          -0.39415675,
          0.000028533936
        ],
        "Max": [
          0.29034883,
          0.23720926,
          0.19805856
        ],
        "UnkFloat00": 0.40607598,
        "MeshType": 9,
        "GroupBoneHash": "0x640c63c6",
        "AABBTransformIndex": 19,
        "TransformIdx": 19,
        "UnkInt03": 0,
        "SkeletonMapIdx": -1,
        "LayoutIdx": 0,
        "Unk01": [
          0,
          0,
          0,
          0,
          0,
          0,
          0,
          0,
          0,
          0,
          0,
          0,
          0,
          0,
          0,
          0,
          0,
          0,
          0,
          0,
          0,
          0,
          0,
          0,
          0,
          0,
          0,
          0,
          0,
          0,
          0,
          0,
          0,
          0,
          0,
          0,
          0,
          0,
          0,
          0
        ],
        "NumMaterials": 2,
        "MaterialOffset": 128,
        "Unk02": [
          0,
          0,
          0,
          0,
          0,
          0,
          0,
          0
        ],
        "NumGroups": 2,
        "GroupOffset": 136
      },
      "Materials": [
        "0x3aca8773",
        "0x7da4ca41"
      ],
      "Groups": [
        {
          "MaterialIdx": 0,
          "VertexOffset": 0,
          "NumVertices": 6886,
          "IndexOffset": 0,
          "NumIndices": 12531,
          "GroupIdx": 0
        },
        {
          "MaterialIdx": 1,
          "VertexOffset": 0,
          "NumVertices": 6886,
          "IndexOffset": 12531,
          "NumIndices": 546,
          "GroupIdx": 1
        }
      ]
    }
  ],
  "TerrainInfos": [],
  "GroupBones": [
    "0x7c42326f",
    "0xd2c27ef8",
    "0x9118a9ce",
    "0xd9096356",
    "0x681fff19",
    "0x9a018e5d",
    "0x23039494",
    "0x640c63c6"
  ],
  "MeshLayouts": [
    {
      "MagicNum0": [
        255,
        255,
        255,
        10
      ],
      "Unk00": [
        0,
        0,
        0,
        0
      ],
      "Items": [
        {
          "Type": 5,
          "Format": 4,
          "Layer": 0,
          "Unk00": [
            0,
            0,
            0,
            0,
            0,
            0,
            0,
            0
          ]
        },
        {
          "Type": 0,
          "Format": 2,
          "Layer": 0,
          "Unk00": [
            0,
            0,
            0,
            0,
            0,
            0,
            0,
            0
          ]
        },
        {
          "Type": 1,
          "Format": 30,
          "Layer": 0,
          "Unk00": [
            0,
            0,
            0,
            0,
            0,
            0,
            0,
            0
          ]
        },
        {
          "Type": 4,
          "Format": 1,
          "Layer": 0,
          "Unk00": [
            0,
            0,
            0,
            0,
            0,
            0,
            0,
            0
          ]
        },
        {
          "Type": 4,
          "Format": 1,
          "Layer": 1,
          "Unk00": [
            0,
            0,
            0,
            0,
            0,
            0,
            0,
            0
          ]
        },
        {
          "Type": 4,
          "Format": 1,
          "Layer": 2,
          "Unk00": [
            0,
            0,
            0,
            0,
            0,
            0,
            0,
            0
          ]
        },
        {
          "Type": 0,
          "Format": 0,
          "Layer": 0,
          "Unk00": [
            0,
            0,
            0,
            0,
            0,
            0,
            0,
            0
          ]
        },
        {
          "Type": 0,
          "Format": 0,
          "Layer": 0,
          "Unk00": [
            0,
            0,
            0,
            0,
            0,
            0,
            0,
            0
          ]
        },
        {
          "Type": 0,
          "Format": 0,
          "Layer": 0,
          "Unk00": [
            0,
            0,
            0,
            0,
            0,
            0,
            0,
            0
          ]
        },
        {
          "Type": 0,
          "Format": 0,
          "Layer": 0,
          "Unk00": [
            0,
            0,
            0,
            0,
            0,
            0,
            0,
            0
          ]
        },
        {
          "Type": 0,
          "Format": 0,
          "Layer": 0,
          "Unk00": [
            0,
            0,
            0,
            0,
            0,
            0,
            0,
            0
          ]
        },
        {
          "Type": 0,
          "Format": 0,
          "Layer": 0,
          "Unk00": [
            0,
            0,
            0,
            0,
            0,
            0,
            0,
            0
          ]
        },
        {
          "Type": 0,
          "Format": 0,
          "Layer": 0,
          "Unk00": [
            0,
            0,
            0,
            0,
            0,
            0,
            0,
            0
          ]
        },
        {
          "Type": 0,
          "Format": 0,
          "Layer": 0,
          "Unk00": [
            0,
            0,
            0,
            0,
            0,
            0,
            0,
            0
          ]
        },
        {
          "Type": 0,
          "Format": 0,
          "Layer": 0,
          "Unk00": [
            0,
            0,
            0,
            0,
            0,
            0,
            0,
            0
          ]
        },
        {
          "Type": 0,
          "Format": 0,
          "Layer": 0,
          "Unk00": [
            0,
            0,
            0,
            0,
            0,
            0,
            0,
            0
          ]
        }
      ],
      "NumItems": 6,
      "Unk01": [
        0,
        0,
        0,
        0
      ],
      "MagicNum1": [
        255,
        255,
        255,
        6
      ],
      "Unk02": [
        0,
        0,
        0,
        0,
        1,
        0,
        0,
        0,
        0,
        0,
        0,
        0
      ],
      "NumVertices": 15115,
      "VertexStride": 44,
      "Unk03": [
        1,
        0,
        0,
        0,
        0,
        0,
        0,
        0,
        0,
        0,
        0,
        0,
        0,
        0,
        0,
        0
      ],
      "MagicNum2": [
        255,
        255,
        255,
        7
      ],
      "Unk04": [
        0,
        0,
        0,
        0,
        1,
        0,
        0,
        0,
        0,
        0,
        0,
        0
      ],
      "NumIndices": 27000,
      "Unk05": [
        0,
        0,
        0,
        0,
        1,
        0,
        0,
        0,
        0,
        0,
        0,
        0,
        0,
        0,
        0,
        0,
        0,
        0,
        0,
        0
      ],
      "VertexOffset": 0,
      "PositionsSize": 665072,
      "IndexOffset": 665072,
      "IndicesSize": 54000,
      "Unk06": [
        0,
        0,
        0,
        0,
        0,
        0,
        0,
        0,
        0,
        0,
        0,
        0,
        0,
        0,
        0,
        0
      ]
    },
    {
      "MagicNum0": [
        255,
        255,
        255,
        10
      ],
      "Unk00": [
        0,
        0,
        0,
        0
      ],
      "Items": [
        {
          "Type": 5,
          "Format": 4,
          "Layer": 0,
          "Unk00": [
            0,
            0,
            0,
            0,
            0,
            0,
            0,
            0
          ]
        },
        {
          "Type": 0,
          "Format": 2,
          "Layer": 0,
          "Unk00": [
            0,
            0,
            0,
            0,
            0,
            0,
            0,
            0
          ]
        },
        {
          "Type": 1,
          "Format": 30,
          "Layer": 0,
          "Unk00": [
            0,
            0,
            0,
            0,
            0,
            0,
            0,
            0
          ]
        },
        {
          "Type": 0,
          "Format": 0,
          "Layer": 0,
          "Unk00": [
            0,
            0,
            0,
            0,
            0,
            0,
            0,
            0
          ]
        },
        {
          "Type": 0,
          "Format": 0,
          "Layer": 0,
          "Unk00": [
            0,
            0,
            0,
            0,
            0,
            0,
            0,
            0
          ]
        },
        {
          "Type": 0,
          "Format": 0,
          "Layer": 0,
          "Unk00": [
            0,
            0,
            0,
            0,
            0,
            0,
            0,
            0
          ]
        },
        {
          "Type": 0,
          "Format": 0,
          "Layer": 0,
          "Unk00": [
            0,
            0,
            0,
            0,
            0,
            0,
            0,
            0
          ]
        },
        {
          "Type": 0,
          "Format": 0,
          "Layer": 0,
          "Unk00": [
            0,
            0,
            0,
            0,
            0,
            0,
            0,
            0
          ]
        },
        {
          "Type": 0,
          "Format": 0,
          "Layer": 0,
          "Unk00": [
            0,
            0,
            0,
            0,
            0,
            0,
            0,
            0
          ]
        },
        {
          "Type": 0,
          "Format": 0,
          "Layer": 0,
          "Unk00": [
            0,
            0,
            0,
            0,
            0,
            0,
            0,
            0
          ]
        },
        {
          "Type": 0,
          "Format": 0,
          "Layer": 0,
          "Unk00": [
            0,
            0,
            0,
            0,
            0,
            0,
            0,
            0
          ]
        },
        {
          "Type": 0,
          "Format": 0,
          "Layer": 0,
          "Unk00": [
            0,
            0,
            0,
            0,
            0,
            0,
            0,
            0
          ]
        },
        {
          "Type": 0,
          "Format": 0,
          "Layer": 0,
          "Unk00": [
            0,
            0,
            0,
            0,
            0,
            0,
            0,
            0
          ]
        },
        {
          "Type": 0,
          "Format": 0,
          "Layer": 0,
          "Unk00": [
            0,
            0,
            0,
            0,
            0,
            0,
            0,
            0
          ]
        },
        {
          "Type": 0,
          "Format": 0,
          "Layer": 0,
          "Unk00": [
            0,
            0,
            0,
            0,
            0,
            0,
            0,
            0
          ]
        },
        {
          "Type": 0,
          "Format": 0,
          "Layer": 0,
          "Unk00": [
            0,
            0,
            0,
            0,
            0,
            0,
            0,
            0
          ]
        }
      ],
      "NumItems": 3,
      "Unk01": [
        0,
        0,
        0,
        0
      ],
      "MagicNum1": [
        255,
        255,
        255,
        6
      ],
      "Unk02": [
        0,
        0,
        0,
        0,
        1,
        0,
        0,
        0,
        0,
        0,
        0,
        0
      ],
      "NumVertices": 3107,
      "VertexStride": 20,
      "Unk03": [
        1,
        0,
        0,
        0,
        0,
        0,
        0,
        0,
        0,
        0,
        0,
        0,
        0,
        0,
        0,
        0
      ],
      "MagicNum2": [
        255,
        255,
        255,
        7
      ],
      "Unk04": [
        0,
        0,
        0,
        0,
        1,
        0,
        0,
        0,
        0,
        0,
        0,
        0
      ],
      "NumIndices": 15216,
      "Unk05": [
        0,
        0,
        0,
        0,
        1,
        0,
        0,
        0,
        0,
        0,
        0,
        0,
        0,
        0,
        0,
        0,
        0,
        0,
        0,
        0
      ],
      "VertexOffset": 719072,
      "PositionsSize": 62144,
      "IndexOffset": 781216,
      "IndicesSize": 30432,
      "Unk06": [
        0,
        0,
        0,
        0,
        0,
        0,
        0,
        0,
        0,
        0,
        0,
        0,
        0,
        0,
        0,
        0
      ]
    }
  ]
}
